id,conversation_id,created_at,date,time,timezone,user_id,username,name,place,tweet,language,mentions,urls,photos,replies_count,retweets_count,likes_count,hashtags,cashtags,link,retweet,quote_url,video,thumbnail,near,geo,source,user_rt_id,user_rt,retweet_id,reply_to,retweet_date,translate,trans_src,trans_dest
1226200862499885057,1226200862499885057,2020-02-08 23:47:21 Bangladesh Standard Time,2020-02-08,23:47:21,+0600,1069776049,banglalivenews,Bangladesh Livenews,,‡¶´‡¶æ‡¶Ø‡¶º‡¶æ‡¶∞ ‡¶∏‡¶æ‡¶∞‡ßç‡¶≠‡¶ø‡¶∏‡ßá‡¶∞ ‡ß®‡ß® ‡¶á‡¶â‡¶®‡¶ø‡¶ü‡ßá‡¶∞ ‡¶ö‡ßá‡¶∑‡ßç‡¶ü‡¶æ‡¶Ø‡¶º ‡¶¨‡¶®‡¶æ‡¶®‡ßÄ‡¶∞ ‡¶Ü‡¶ó‡ßÅ‡¶® ‡¶®‡¶ø‡¶Ø‡¶º‡¶®‡ßç‡¶§‡ßç‡¶∞‡¶£‡ßá  https://t.co/Q6HIRtuDeM #Banani #BananiFire,bn,[],['https://www.bangladeshlivenews.com/home/article-details/18257/bangladesh/Banani+fire+brought+under+control+/'],[],0,0,1,"['banani', 'bananifire']",[],https://twitter.com/banglalivenews/status/1226200862499885057,False,,0,,,,,,,,[],,,,
1174725533457899521,1174725533457899521,2019-09-19 22:42:47 Bangladesh Standard Time,2019-09-19,22:42:47,+0600,2510356369,banglatribune,Bangla Tribune,,‡¶¨‡¶®‡¶æ‡¶®‡ßÄ‡¶∞ ‡¶ì‡¶Ø‡¶º‡¶æ‡¶®‡¶Æ‡ßç‡¶Ø‡¶æ‡¶® ‡¶≠‡¶¨‡¶®‡ßá ‡¶Ü‡¶ó‡ßÅ‡¶® #BananiFire   https://t.co/UNgbUBjDnV,bn,[],['http://www.banglatribune.com/others/news/550241/%E0%A6%AC%E0%A6%A8%E0%A6%BE%E0%A6%A8%E0%A7%80%E0%A6%B0-%E0%A6%93%E0%A7%9F%E0%A6%BE%E0%A6%A8%E0%A6%AE%E0%A7%8D%E0%A6%AF%E0%A6%BE%E0%A6%A8-%E0%A6%AD%E0%A6%AC%E0%A6%A8%E0%A7%87-%E0%A6%86%E0%A6%97%E0%A7%81%E0%A6%A8'],[],0,0,5,['bananifire'],[],https://twitter.com/banglatribune/status/1174725533457899521,False,,0,,,,,,,,[],,,,
1144552741273927680,1144552741273927680,2019-06-28 16:26:52 Bangladesh Standard Time,2019-06-28,16:26:52,+0600,2510356369,banglatribune,Bangla Tribune,,‡¶è‡¶´‡¶Ü‡¶∞ ‡¶ü‡¶æ‡¶ì‡¶Ø‡¶º‡¶æ‡¶∞: ‡¶ï‡¶æ‡¶∞ ‡¶ï‡ßÄ ‚Äò‡¶¶‡ßã‡¶∑‚Äô #FRTower #BananiFire   https://t.co/FhspuhXQdI,bn,[],['http://www.banglatribune.com/national/news/496265/%E0%A6%8F%E0%A6%AB%E0%A6%86%E0%A6%B0-%E0%A6%9F%E0%A6%BE%E0%A6%93%E0%A7%9F%E0%A6%BE%E0%A6%B0-%E0%A6%95%E0%A6%BE%E0%A6%B0-%E0%A6%95%E0%A7%80-%E2%80%98%E0%A6%A6%E0%A7%8B%E0%A6%B7%E2%80%99'],[],0,0,0,"['frtower', 'bananifire']",[],https://twitter.com/banglatribune/status/1144552741273927680,False,,0,,,,,,,,[],,,,
1142985300911841280,1142985300911841280,2019-06-24 08:38:26 Bangladesh Standard Time,2019-06-24,08:38:26,+0600,3306545726,unbnewsroom,UNB - United News of Bangladesh,,#Banani Fire: Rupayan Group chairman gets bail #bananiFire #RupayanGroup  https://t.co/qh1Jk6HQbS,en,[],['http://www.unb.com.bd/category/Bangladesh/banani-fire-rupayan-group-chairman-gets-bail/20858'],[],0,0,0,"['banani', 'bananifire', 'rupayangroup']",[],https://twitter.com/unbnewsroom/status/1142985300911841280,False,,0,,,,,,,,[],,,,
1125341237056118784,1125341237056118784,2019-05-06 16:07:13 Bangladesh Standard Time,2019-05-06,16:07:13,+0600,77696645,dailystarnews,The Daily Star,,A #Dhaka court grants bail to FR Tower's land owner SMHI Faruque #BananiFire  https://t.co/G1SwxCGXQw,en,[],['https://www.thedailystar.net/city/news/fr-tower-fire-land-owner-faruque-granted-bail-1739503'],[],1,0,6,"['dhaka', 'bananifire']",[],https://twitter.com/dailystarnews/status/1125341237056118784,False,,0,,,,,,,,[],,,,
1121946547464413186,1121946547464413186,2019-04-27 07:17:56 Bangladesh Standard Time,2019-04-27,07:17:56,+0600,1102172150629306368,shoheler,Shohel(Designer),,"Background remover, Graphics Designer, photo editor, with 100% satisfaction (link:   https://t.co/oBYMVftQAe #‡∏Å‡∏£‡∏á‡∏Å‡∏£‡∏£‡∏°ep16 #osmangazi #bananifire #Hanna #HannaTV #HKT48ÂäáÂ†¥ÂÖ¨Êºî„Ç≠„É£„É≥„Çª„É´ÂæÖ„Å° #VietnamWarVeter #LJL2019 #vcscrot #idhun #jhjs1402‡∏£‡∏µ‡∏ß‡∏¥‡∏ß #eby",en,[],['https://bit.ly/2UMCY50'],[],0,0,1,"['‡∏Å‡∏£‡∏á‡∏Å‡∏£‡∏£‡∏°ep16', 'osmangazi', 'bananifire', 'hanna', 'hannatv', 'hkt48ÂäáÂ†¥ÂÖ¨Êºî„Ç≠„É£„É≥„Çª„É´ÂæÖ„Å°', 'vietnamwarveter', 'ljl2019', 'vcscrot', 'idhun', 'jhjs1402‡∏£‡∏µ‡∏ß‡∏¥‡∏ß', 'eby']",[],https://twitter.com/shoheler/status/1121946547464413186,False,,0,,,,,,,,[],,,,
1121060425465040903,1121060425465040903,2019-04-24 20:36:48 Bangladesh Standard Time,2019-04-24,20:36:48,+0600,1102172150629306368,shoheler,Shohel(Designer),,"expert &amp; highly professional  Background remover, Graphics Designer, photo editor, with 100% satisfaction   https://t.co/S46AFGtuk7 #‡∏Å‡∏£‡∏á‡∏Å‡∏£‡∏£‡∏°ep16 #osmangazi #bananifire  #Hanna  #HannaTV #HKT48ÂäáÂ†¥ÂÖ¨Êºî„Ç≠„É£„É≥„Çª„É´ÂæÖ„Å° #VietnamWarVeter #LJL2019  #vcscrot #idhun #jhjs1402‡∏£‡∏µ‡∏ß‡∏¥‡∏ß  https://t.co/DGkK49HUuC",en,[],['http://bit.ly/2UMCY50'],['https://pbs.twimg.com/media/D47OgHZXoAAFUTi.jpg'],0,0,0,"['‡∏Å‡∏£‡∏á‡∏Å‡∏£‡∏£‡∏°ep16', 'osmangazi', 'bananifire', 'hanna', 'hannatv', 'hkt48ÂäáÂ†¥ÂÖ¨Êºî„Ç≠„É£„É≥„Çª„É´ÂæÖ„Å°', 'vietnamwarveter', 'ljl2019', 'vcscrot', 'idhun', 'jhjs1402‡∏£‡∏µ‡∏ß‡∏¥‡∏ß']",[],https://twitter.com/shoheler/status/1121060425465040903,False,,1,https://pbs.twimg.com/media/D47OgHZXoAAFUTi.jpg,,,,,,,[],,,,
1120882576451829760,1120882576451829760,2019-04-24 08:50:05 Bangladesh Standard Time,2019-04-24,08:50:05,+0600,1102172150629306368,shoheler,Shohel(Designer),,"I am a professional Graphics Designer and having experience you test me,   https://t.co/S46AFGtuk7 #‡∏Å‡∏£‡∏á‡∏Å‡∏£‡∏£‡∏°ep16 #osmangazi #bananifire #Hanna #HannaTV #HKT48ÂäáÂ†¥ÂÖ¨Êºî„Ç≠„É£„É≥„Çª„É´ÂæÖ„Å° #VietnamWarVeter #LJL2019 #vcscrot #idhun #jhjs1402‡∏£‡∏µ‡∏ß‡∏¥‡∏ß #eby",en,[],['http://bit.ly/2UMCY50'],[],0,0,0,"['‡∏Å‡∏£‡∏á‡∏Å‡∏£‡∏£‡∏°ep16', 'osmangazi', 'bananifire', 'hanna', 'hannatv', 'hkt48ÂäáÂ†¥ÂÖ¨Êºî„Ç≠„É£„É≥„Çª„É´ÂæÖ„Å°', 'vietnamwarveter', 'ljl2019', 'vcscrot', 'idhun', 'jhjs1402‡∏£‡∏µ‡∏ß‡∏¥‡∏ß', 'eby']",[],https://twitter.com/shoheler/status/1120882576451829760,False,,0,,,,,,,,[],,,,
1120579462456926208,1120579462456926208,2019-04-23 12:45:37 Bangladesh Standard Time,2019-04-23,12:45:37,+0600,1102172150629306368,shoheler,Shohel(Designer),,"Background remover, Graphics Designer, photo editor, with 100% satisfaction  (link:  https://t.co/oBYMVftQAe)  https://t.co/S46AFGtuk7 #‡∏Å‡∏£‡∏á‡∏Å‡∏£‡∏£‡∏°ep16 #osmangazi #bananifire  #Hanna  #HannaTV #HKT48ÂäáÂ†¥ÂÖ¨Êºî„Ç≠„É£„É≥„Çª„É´ÂæÖ„Å° #VietnamWarVeter #LJL2019  #vcscrot #idhun #jhjs1402‡∏£‡∏µ‡∏ß‡∏¥‡∏ß #eby  https://t.co/Yd9o4Pwyuf",en,[],"['https://bit.ly/2UMCY50', 'http://bit.ly/2UMCY50']",['https://pbs.twimg.com/media/D40ZD4WXoAAnShR.jpg'],0,0,0,"['‡∏Å‡∏£‡∏á‡∏Å‡∏£‡∏£‡∏°ep16', 'osmangazi', 'bananifire', 'hanna', 'hannatv', 'hkt48ÂäáÂ†¥ÂÖ¨Êºî„Ç≠„É£„É≥„Çª„É´ÂæÖ„Å°', 'vietnamwarveter', 'ljl2019', 'vcscrot', 'idhun', 'jhjs1402‡∏£‡∏µ‡∏ß‡∏¥‡∏ß', 'eby']",[],https://twitter.com/shoheler/status/1120579462456926208,False,,1,https://pbs.twimg.com/media/D40ZD4WXoAAnShR.jpg,,,,,,,[],,,,
1120359197881847808,1120359197881847808,2019-04-22 22:10:22 Bangladesh Standard Time,2019-04-22,22:10:22,+0600,1102172150629306368,shoheler,Shohel(Designer),,"I am an expert &amp; highly professional  Background remover, Graphics Designer, photo editor, with 100% satisfaction   https://t.co/oBYMVftQAe #‡∏Å‡∏£‡∏á‡∏Å‡∏£‡∏£‡∏°ep16 #osmangazi #bananifire  #Hanna  #HannaTV #HKT48ÂäáÂ†¥ÂÖ¨Êºî„Ç≠„É£„É≥„Çª„É´ÂæÖ„Å° #VietnamWarVeter #LJL2019  #vcscrot #idhun #jhjs1402‡∏£‡∏µ‡∏ß‡∏¥‡∏ß",en,[],['https://bit.ly/2UMCY50'],[],0,0,0,"['‡∏Å‡∏£‡∏á‡∏Å‡∏£‡∏£‡∏°ep16', 'osmangazi', 'bananifire', 'hanna', 'hannatv', 'hkt48ÂäáÂ†¥ÂÖ¨Êºî„Ç≠„É£„É≥„Çª„É´ÂæÖ„Å°', 'vietnamwarveter', 'ljl2019', 'vcscrot', 'idhun', 'jhjs1402‡∏£‡∏µ‡∏ß‡∏¥‡∏ß']",[],https://twitter.com/shoheler/status/1120359197881847808,False,,0,,,,,,,,[],,,,
1120231357026906112,1120231357026906112,2019-04-22 13:42:23 Bangladesh Standard Time,2019-04-22,13:42:23,+0600,1102172150629306368,shoheler,Shohel(Designer),,Dear I am a Photoshop Expert and professional Freelancer. I am new on Fiverr  https://t.co/cu1Oc5uOjn   #bananifire #DhakaFire #Hanna  #HannaTV #HKT48ÂäáÂ†¥ÂÖ¨Êºî„Ç≠„É£„É≥„Çª„É´ÂæÖ„Å° #VietnamWarVeteransDay #LJL2019  #vcscrot #idhun #jhjs1402‡∏£‡∏µ‡∏ß‡∏¥‡∏ß,en,[],['https://bit.ly/2GtPE6F'],[],0,0,0,"['bananifire', 'dhakafire', 'hanna', 'hannatv', 'hkt48ÂäáÂ†¥ÂÖ¨Êºî„Ç≠„É£„É≥„Çª„É´ÂæÖ„Å°', 'vietnamwarveteransday', 'ljl2019', 'vcscrot', 'idhun', 'jhjs1402‡∏£‡∏µ‡∏ß‡∏¥‡∏ß']",[],https://twitter.com/shoheler/status/1120231357026906112,False,,0,,,,,,,,[],,,,
1118976261639016453,1118976261639016453,2019-04-19 02:35:05 Bangladesh Standard Time,2019-04-19,02:35:05,+0600,3262791,gvenespanol,GlobalVoices Espa√±ol,,#Incendios consecutivos en #Daca generan preocupaci√≥n por regulaciones y seguridad en #Bangladesh  #Dhaka #DhakaFire #BananiFire #DhakaBananiFire #Banani  De @prsanyal  Trad.: @GabrielaenLima  https://t.co/cuhqLpLgmM,es,"[{'screen_name': 'gabrielaenlima', 'name': 'gabriela en lima üò∑', 'id': '2364831540'}]",['https://es.globalvoices.org/2019/04/16/incendios-consecutivos-en-daca-generan-preocupacion-por-regulaciones-y-seguridad-en-bangladesh/'],[],0,0,1,"['incendios', 'daca', 'bangladesh', 'dhaka', 'dhakafire', 'bananifire', 'dhakabananifire', 'banani']",[],https://twitter.com/gvenespanol/status/1118976261639016453,False,,0,,,,,,,,[],,,,
1116576224636129280,1116576224636129280,2019-04-12 11:38:11 Bangladesh Standard Time,2019-04-12,11:38:11,+0600,938687642,newagebdcom,New Age,,"3 probe bodies fail to submit report, time extended  https://t.co/GRQUShHVKo #bananifire",en,[],['http://www.newagebd.net/article/69794/3-probe-bodies-fail-to-submit-report-time-extended'],[],0,0,0,['bananifire'],[],https://twitter.com/NewAgeBDcom/status/1116576224636129280,False,,0,,,,,,,,[],,,,
1116418236042506240,1116418236042506240,2019-04-12 01:10:24 Bangladesh Standard Time,2019-04-12,01:10:24,+0600,2510356369,banglatribune,Bangla Tribune,,‡¶è‡¶á ‡¶∂‡¶π‡¶∞ ‡¶Ø‡ßá‡¶® ‡¶Æ‡ßÉ‡¶§‡ßç‡¶Ø‡ßÅ‡¶ï‡ßÇ‡¶™ ‡¶®‡¶æ ‡¶π‡¶Ø‡¶º #bananifire @BRACworld  https://t.co/nhvFvNOmMt,bn,"[{'screen_name': 'bracworld', 'name': 'brac', 'id': '24019986'}]",['http://www.banglatribune.com/national/news/447921/%E0%A6%8F%E0%A6%87-%E0%A6%B6%E0%A6%B9%E0%A6%B0-%E0%A6%AF%E0%A6%BE%E0%A6%A4%E0%A7%87-%E0%A6%AE%E0%A7%83%E0%A6%A4%E0%A7%8D%E0%A6%AF%E0%A7%81%E0%A6%95%E0%A7%82%E0%A6%AA-%E0%A6%A8%E0%A6%BE-%E0%A6%B9%E0%A7%9F'],[],1,0,1,['bananifire'],[],https://twitter.com/banglatribune/status/1116418236042506240,False,,0,,,,,,,,[],,,,
1115674372818128896,1115674372818128896,2019-04-09 23:54:33 Bangladesh Standard Time,2019-04-09,23:54:33,+0600,1110580097898020864,ddulal2,‡¶Ö‡¶∏‡¶Æ‡¶æ‡¶™‡ßç‡¶§,,May Allah place him in Jannah #firefighter #BANGLADESH #bananifire  https://t.co/Urf7h0fI61,en,[],[],"['https://pbs.twimg.com/media/D3ur69VUcAAKZ0f.jpg', 'https://pbs.twimg.com/media/D3ur7ajU4AAZ-9d.jpg']",1,0,0,"['firefighter', 'bangladesh', 'bananifire']",[],https://twitter.com/DDulal2/status/1115674372818128896,False,,1,https://pbs.twimg.com/media/D3ur69VUcAAKZ0f.jpg,,,,,,,[],,,,
1115610784661295104,1115610784661295104,2019-04-09 19:41:52 Bangladesh Standard Time,2019-04-09,19:41:52,+0600,1069776049,banglalivenews,Bangladesh Livenews,,‡¶¨‡¶®‡¶æ‡¶®‡ßÄ ‡¶Ö‡¶ó‡ßç‡¶®‡¶ø‡¶ï‡¶æ‡¶®‡ßç‡¶°‡ßá ‡¶Ü‡¶π‡¶§ ‡¶¶‡¶Æ‡¶ï‡¶≤‡¶ï‡¶∞‡ßç‡¶Æ‡ßÄ‡¶ï‡ßá ‡¶∏‡¶ø‡¶ô‡ßç‡¶ó‡¶æ‡¶™‡ßÅ‡¶∞‡ßá ‡¶®‡¶ø‡¶Ø‡¶º‡ßá‡¶ì ‡¶¨‡¶æ‡¶Å‡¶ö‡¶æ‡¶®‡ßã ‡¶ó‡ßá‡¶≤‡ßã ‡¶®‡¶æ  https://t.co/EneuFTZCZ5 #Banani #BananiFire,bn,[],['http://www.bangladeshlivenews.com/home/article-details/14698/bangladesh/Banani+fire%3A+Firefighter+passes+away/'],[],0,0,0,"['banani', 'bananifire']",[],https://twitter.com/banglalivenews/status/1115610784661295104,False,,0,,,,,,,,[],,,,
1115527937535569920,1115527937535569920,2019-04-09 14:12:40 Bangladesh Standard Time,2019-04-09,14:12:40,+0600,77696645,dailystarnews,The Daily Star,,‡¶Æ‡ßÉ‡¶§‡ßç‡¶Ø‡ßÅ‡¶¨‡¶∞‡¶£‡¶ï‡¶æ‡¶∞‡ßÄ ‡¶´‡¶æ‡¶Ø‡¶º‡¶æ‡¶∞‡¶Æ‡ßç‡¶Ø‡¶æ‡¶® ‡¶∏‡ßã‡¶π‡ßá‡¶≤ ‡¶∞‡¶æ‡¶®‡¶æ‡¶∞ ‡¶™‡¶∞‡¶ø‡¶¨‡¶æ‡¶∞‡ßá‡¶∞ ‡¶â‡¶™‡¶Ø‡ßÅ‡¶ï‡ßç‡¶§ ‡¶ï‡ßá‡¶â ‡¶•‡¶æ‡¶ï‡¶≤‡ßá ‡¶§‡¶æ‡¶ï‡ßá ‡¶ö‡¶æ‡¶ï‡¶∞‡¶ø ‡¶¶‡ßá‡¶ì‡¶Ø‡¶º‡¶æ‡¶∞ ‡¶¨‡ßç‡¶Ø‡¶¨‡¶∏‡ßç‡¶•‡¶æ ‡¶ï‡¶∞‡¶æ ‡¶π‡¶¨‡ßá ‡¶¨‡¶≤‡ßá ‡¶ú‡¶æ‡¶®‡¶ø‡¶Ø‡¶º‡ßá‡¶õ‡ßá‡¶® ‡¶∏‡ßç‡¶¨‡¶∞‡¶æ‡¶∑‡ßç‡¶ü‡ßç‡¶∞‡¶Æ‡¶®‡ßç‡¶§‡ßç‡¶∞‡ßÄ #Bangladesh #bananifire  https://t.co/vJuNV0TwW7,bn,[],['https://www.thedailystar.net/bangla/%E0%A6%B6%E0%A7%80%E0%A6%B0%E0%A7%8D%E0%A6%B7-%E0%A6%96%E0%A6%AC%E0%A6%B0/%E0%A6%B8%E0%A7%8B%E0%A6%B9%E0%A7%87%E0%A6%B2%E0%A7%87%E0%A6%B0-%E0%A6%AA%E0%A6%B0%E0%A6%BF%E0%A6%AC%E0%A6%BE%E0%A6%B0%E0%A7%87%E0%A6%B0-%E0%A6%B8%E0%A6%A6%E0%A6%B8%E0%A7%8D%E0%A6%AF%E0%A6%95%E0%A7%87-%E0%A6%9A%E0%A6%BE%E0%A6%95%E0%A6%B0%E0%A6%BF-%E0%A6%A6%E0%A7%87%E0%A6%93%E0%A7%9F%E0%A6%BE%E0%A6%B0-%E0%A6%86%E0%A6%B6%E0%A7%8D%E0%A6%AC%E0%A6%BE%E0%A6%B8-%E0%A6%B8%E0%A7%8D%E0%A6%AC%E0%A6%B0%E0%A6%BE%E0%A6%B7%E0%A7%8D%E0%A6%9F%E0%A7%8D%E0%A6%B0%E0%A6%AE%E0%A6%A8%E0%A7%8D%E0%A6%A4%E0%A7%8D%E0%A6%B0%E0%A7%80%E0%A6%B0-108937'],[],1,0,30,"['bangladesh', 'bananifire']",[],https://twitter.com/dailystarnews/status/1115527937535569920,False,,0,,,,,,,,[],,,,
1115523754803769344,1115523754803769344,2019-04-09 13:56:03 Bangladesh Standard Time,2019-04-09,13:56:03,+0600,2510356369,banglatribune,Bangla Tribune,,‡¶ö‡ßã‡¶ñ‡ßá‡¶∞ ‡¶ú‡¶≤‡ßá ‡¶∏‡ßã‡¶π‡ßá‡¶≤‡¶ï‡ßá ‡¶¨‡¶ø‡¶¶‡¶æ‡¶Ø‡¶º ‡¶ú‡¶æ‡¶®‡¶æ‡¶≤‡ßá‡¶® ‡¶∏‡¶π‡¶ï‡¶∞‡ßç‡¶Æ‡ßÄ‡¶∞‡¶æ #bananifire  https://t.co/YciruzAVIm,bn,[],['http://www.banglatribune.com/national/news/445873/%E0%A6%9A%E0%A7%8B%E0%A6%96%E0%A7%87%E0%A6%B0-%E0%A6%9C%E0%A6%B2%E0%A7%87-%E0%A6%B8%E0%A7%8B%E0%A6%B9%E0%A7%87%E0%A6%B2%E0%A6%95%E0%A7%87-%E0%A6%AC%E0%A6%BF%E0%A6%A6%E0%A6%BE%E0%A7%9F-%E0%A6%9C%E0%A6%BE%E0%A6%A8%E0%A6%BE%E0%A6%B2%E0%A7%87%E0%A6%A8-%E0%A6%B8%E0%A6%B9%E0%A6%95%E0%A6%B0%E0%A7%8D%E0%A6%AE%E0%A7%80%E0%A6%B0%E0%A6%BE'],[],0,0,0,['bananifire'],[],https://twitter.com/banglatribune/status/1115523754803769344,False,,0,,,,,,,,[],,,,
1115511228313501696,1115511228313501696,2019-04-09 13:06:16 Bangladesh Standard Time,2019-04-09,13:06:16,+0600,1081881617885323270,momtarin,Jannatul Momtarin,,"hey, i am looking for this service #Vector #line_art #Business_card ?  Just check out here,,   https://t.co/3YDuWOWR60  #Barack_Obama #DhakaFire #BananiFire #FridayThoughts #friyay #Agn√®s_Varda #BrexitDay #PersonaTracklist #BTS_PAVED_THE_WAY #banani #TuesdayMotivation #Rohingya  https://t.co/zgUB9zLZg6",en,[],['https://www.fiverr.com/share/lkBQR'],['https://pbs.twimg.com/media/D3sXN8pWwAAVEyp.jpg'],0,1,1,"['vector', 'line_art', 'business_card', 'barack_obama', 'dhakafire', 'bananifire', 'fridaythoughts', 'friyay', 'agn√®s_varda', 'brexitday', 'personatracklist', 'bts_paved_the_way', 'banani', 'tuesdaymotivation', 'rohingya']",[],https://twitter.com/momtarin/status/1115511228313501696,False,,1,https://pbs.twimg.com/media/D3sXN8pWwAAVEyp.jpg,,,,,,,[],,,,
1115507944466989057,1115507944466989057,2019-04-09 12:53:13 Bangladesh Standard Time,2019-04-09,12:53:13,+0600,77696645,dailystarnews,The Daily Star,,#Bangladesh Home Minister Kamal assures a job for a family member of firefighter Sohel Rana #bananifire  https://t.co/QcvEE63dRc,en,[],['https://www.thedailystar.net/city/home-minister-assures-job-for-firefighter-sohel-rana-family-member-1727308'],[],1,4,37,"['bangladesh', 'bananifire']",[],https://twitter.com/dailystarnews/status/1115507944466989057,False,,0,,,,,,,,[],,,,
1115390565611237377,1115390565611237377,2019-04-09 05:06:48 Bangladesh Standard Time,2019-04-09,05:06:48,+0600,2510356369,banglatribune,Bangla Tribune,,‡¶∏‡ßã‡¶π‡ßá‡¶≤ ‡¶∞‡¶æ‡¶®‡¶æ‡¶∞‡¶æ ‡¶∏‡¶æ‡¶Æ‡¶æ‡¶®‡ßç‡¶Ø ‡¶¨‡ßá‡¶§‡¶®‡ßá ‡¶§‡ßç‡¶Ø‡¶æ‡¶ó ‡¶∏‡ßç‡¶¨‡ßÄ‡¶ï‡¶æ‡¶∞‡ßá‡¶∞ ‡¶è‡¶§ ‡¶∂‡¶ï‡ßç‡¶§‡¶ø ‡¶ï‡ßã‡¶•‡¶æ‡¶Ø‡¶º ‡¶™‡¶æ‡¶®? #FRTower #bananifire  https://t.co/l9VitSdcbR,bn,[],['http://www.banglatribune.com/others/news/445685/%E0%A6%B8%E0%A7%8B%E0%A6%B9%E0%A7%87%E0%A6%B2-%E0%A6%B0%E0%A6%BE%E0%A6%A8%E0%A6%BE%E0%A6%B0%E0%A6%BE-%E0%A6%A4%E0%A7%8D%E0%A6%AF%E0%A6%BE%E0%A6%97-%E0%A6%B8%E0%A7%8D%E0%A6%AC%E0%A7%80%E0%A6%95%E0%A6%BE%E0%A6%B0%E0%A7%87%E0%A6%B0-%E0%A6%8F%E0%A6%A4-%E0%A6%B6%E0%A6%95%E0%A7%8D%E0%A6%A4%E0%A6%BF-%E0%A6%95%E0%A7%8B%E0%A6%A5%E0%A6%BE%E0%A7%9F-%E0%A6%AA%E0%A6%BE%E0%A6%A8'],[],0,0,12,"['frtower', 'bananifire']",[],https://twitter.com/banglatribune/status/1115390565611237377,False,,0,,,,,,,,[],,,,
1115332117783810048,1115332117783810048,2019-04-09 01:14:33 Bangladesh Standard Time,2019-04-09,01:14:33,+0600,2377880911,im_musafir,‡¶Æ‡ßÅ‡¶∏‡¶æ‡¶´‡¶ø‡¶∞,,‡¶´‡¶æ‡¶Ø‡¶º‡¶æ‡¶∞ ‡¶´‡¶æ‡¶á‡¶ü‡¶æ‡¶∞ ‡¶∏‡ßã‡¶π‡ßá‡¶≤ ‡¶∞‡¶æ‡¶®‡¶æ‡¶∞ ‡¶Æ‡ßÉ‡¶§‡ßç‡¶Ø‡ßÅ‡¶§‡ßá ‡¶ó‡¶≠‡ßÄ‡¶∞ ‡¶∂‡ßã‡¶ï ‡¶ì ‡¶Ö‡¶®‡ßç‡¶§‡¶∞‡ßá‡¶∞ ‡¶Ö‡¶®‡ßç‡¶§‡¶∏‡ßç‡¶•‡¶≤ ‡¶•‡ßá‡¶ï‡ßá ‡¶ú‡¶æ‡¶®‡¶æ‡¶á ‡¶ó‡¶≠‡ßÄ‡¶∞ ‡¶∂‡ßç‡¶∞‡¶¶‡ßç‡¶ß‡¶æ ‡•§ ‡¶Ü‡¶≤‡ßç‡¶≤‡¶æ‡¶π ‡¶§‡¶æ‡¶ï‡ßá ‡¶ú‡¶æ‡¶®‡ßç‡¶®‡¶æ‡¶§‡ßá‡¶∞ ‡¶Æ‡ßá‡¶π‡¶Æ‡¶æ‡¶® ‡¶¨‡¶æ‡¶®‡¶ø‡¶Ø‡¶º‡ßá ‡¶®‡¶ø‡¶ì! ‡¶Ü‡¶Æ‡ßÄ‡¶®... #bananifire #‡¶¶‡ßá‡¶∂‡¶™‡ßç‡¶∞‡ßá‡¶Æ‡¶ø‡¶ï #‡¶Ü‡¶§‡ßç‡¶Æ‡¶§‡ßç‡¶Ø‡¶æ‡¶ó‡ßÄ  https://t.co/nKYhbXPOS3,bn,[],[],['https://pbs.twimg.com/media/D3p0pG8XoAEmsjk.jpg'],0,0,8,"['bananifire', '‡¶¶‡ßá‡¶∂‡¶™‡ßç‡¶∞‡ßá‡¶Æ‡¶ø‡¶ï', '‡¶Ü‡¶§‡ßç‡¶Æ‡¶§‡ßç‡¶Ø‡¶æ‡¶ó‡ßÄ']",[],https://twitter.com/im_musafir/status/1115332117783810048,False,,1,https://pbs.twimg.com/media/D3p0pG8XoAEmsjk.jpg,,,,,,,[],,,,
1115300373474840576,1115300373474840576,2019-04-08 23:08:24 Bangladesh Standard Time,2019-04-08,23:08:24,+0600,1069776049,banglalivenews,Bangladesh Livenews,,"‡¶´‡¶æ‡¶Ø‡¶º‡¶æ‡¶∞‡¶Æ‡ßç‡¶Ø‡¶æ‡¶® ‡¶∏‡ßã‡¶π‡ßá‡¶≤ ‡¶Æ‡¶æ‡¶∞‡¶æ ‡¶ó‡ßá‡¶≤‡ßá‡¶®, ‡¶¨‡¶®‡¶æ‡¶®‡ßÄ‡¶∞ ‡¶Ü‡¶ó‡ßç‡¶®‡¶ø‡¶ï‡¶æ‡¶£‡ßç‡¶°‡ßá‡¶∞ ‡¶ò‡¶ü‡¶®‡¶æ‡¶∞ ‡¶Æ‡ßã‡¶ü ‡¶Æ‡ßÉ‡¶§‡ßá‡¶∞ ‡¶∏‡¶Ç‡¶ñ‡ßç‡¶Ø‡¶æ ‡¶è‡¶ñ‡¶® ‡ß®‡ß≠  https://t.co/UfuriwKUAG #bananifire #banani",bn,[],['http://www.bangladeshlivenews.com/home/article-details/14685/bangladesh/Banani+Tragedy%3A+Fireman+who+was+injured+during+rescuing+trapped+people+dies/'],[],0,0,2,"['bananifire', 'banani']",[],https://twitter.com/banglalivenews/status/1115300373474840576,False,,0,,,,,,,,[],,,,
1115238627469082624,1115238627469082624,2019-04-08 19:03:03 Bangladesh Standard Time,2019-04-08,19:03:03,+0600,1672885405,hy0usuke,Aaman üôá,,May Allah rest him in Jannah. #RIP #Sohel_Rana #Our_Hero #Bangladesh #Dhaka #BananiFire  https://t.co/QQojXDOS7M,en,[],[],['https://pbs.twimg.com/media/D3ofnUyXkAIePUE.jpg'],1,0,3,"['rip', 'sohel_rana', 'our_hero', 'bangladesh', 'dhaka', 'bananifire']",[],https://twitter.com/HY0USUKE/status/1115238627469082624,False,,1,https://pbs.twimg.com/media/D3ofnUyXkAIePUE.jpg,,,,,,,[],,,,
1115229733208248321,1115229733208248321,2019-04-08 18:27:43 Bangladesh Standard Time,2019-04-08,18:27:43,+0600,270788428,xunaed,Junaed Kabir,,#SohelRana-The Super hero we need. (A brave fireman who died after saving several lives in the line of duty during #dhakafire. RIP)  #SuperHero #bananifire #banani #Bangladesh  https://t.co/gZOAYcyd6O,en,[],[],['https://pbs.twimg.com/media/D3oXJFfUYAAGWK_.png'],0,0,1,"['sohelrana', 'dhakafire', 'superhero', 'bananifire', 'banani', 'bangladesh']",[],https://twitter.com/xunaed/status/1115229733208248321,False,,1,https://pbs.twimg.com/media/D3oXJFfUYAAGWK_.png,,,,,,,[],,,,
1115213036447518722,1115213036447518722,2019-04-08 17:21:22 Bangladesh Standard Time,2019-04-08,17:21:22,+0600,37365965,farzanta,Farzana Yasmeen,,The untimely demise of a promising life. My heart goes out to his family. #bananifire #respect #salutebdfirefighters #restinpeace @fscd_bd,en,"[{'screen_name': 'fscd_bd', 'name': 'fscd bd', 'id': '3572095873'}]",[],[],0,0,1,"['bananifire', 'respect', 'salutebdfirefighters', 'restinpeace']",[],https://twitter.com/Farzanta/status/1115213036447518722,False,https://twitter.com/usembassydhaka/status/1115206189955076096,0,,,,,,,,[],,,,
1115199486819569670,1115199486819569670,2019-04-08 16:27:31 Bangladesh Standard Time,2019-04-08,16:27:31,+0600,1080747803817717760,iuis360,uis360-imran,,‡¶Ü‡¶™‡¶®‡¶æ‡¶∞ ‡¶™‡ßç‡¶∞‡¶§‡¶ø‡¶∑‡ßç‡¶†‡¶æ‡¶®‡ßá‡¶∞ ‡¶ú‡¶®‡ßç‡¶Ø ‡¶ì‡¶Ø‡¶º‡ßá‡¶¨‡¶∏‡¶æ‡¶á‡¶ü ‡¶¨‡¶æ‡¶®‡¶æ‡¶§‡ßá ‡¶Ø‡ßã‡¶ó‡¶æ‡¶Ø‡ßã‡¶ó ‡¶ï‡¶∞‡ßÅ‡¶® ‡¶á‡¶â‡¶è‡¶∏ ‡¶Ü‡¶á‡¶ü‡¶ø ‡¶∏‡¶≤‡ßç‡¶Ø‡ßÅ‡¶∂‡¶® ‡¶è‡¶∞ ‡¶∏‡¶æ‡¶•‡ßá‡•§ ‡¶Ü‡¶Æ‡¶∞‡¶æ ‡¶¶‡¶ø‡¶ö‡ßç‡¶õ‡¶ø ‡¶∏‡ßç‡¶¨‡¶≤‡ßç‡¶™ ‡¶ñ‡¶∞‡¶ö‡ßá ‡¶Ü‡¶™‡¶®‡¶æ‡¶∞ ‡¶¨‡¶æ‡¶ú‡ßá‡¶ü‡ßá‡¶∞ ‡¶≠‡ßá‡¶§‡¶∞‡ßá ‡¶°‡¶æ‡¶Ø‡¶º‡¶®‡¶æ‡¶Æ‡¶ø‡¶ï ‡¶ì‡¶Ø‡¶º‡ßá‡¶¨‡¶∏‡¶æ‡¶á‡¶ü ‡¶°‡¶ø‡¶ú‡¶æ‡¶á‡¶®‡•§ ‡¶Ü‡¶Æ‡¶æ‡¶¶‡ßá‡¶∞ ‡¶™‡ßÅ‡¶∞‡ßç‡¶¨‡ßá‡¶∞ ‡¶ï‡¶æ‡¶ú‡ßá‡¶∞ ‡¶∏‡ßç‡¶Ø‡¶æ‡¶Æ‡ßç‡¶™‡¶≤‡¶É  https://t.co/QMF4wgNddY ‚Ä¶ #Bangladesh #Dhakanews #dhakafire #Dharamshala #bananifire @OxfaminBD  https://t.co/lmyrZsI21l,bn,"[{'screen_name': 'oxfaminbd', 'name': 'oxfam in bangladesh', 'id': '990172262'}]",['http://usitsolution.net/us-it-solution-llc-portfolios'],[],0,1,1,"['bangladesh', 'dhakanews', 'dhakafire', 'dharamshala', 'bananifire']",[],https://twitter.com/IUis360/status/1115199486819569670,False,,1,https://pbs.twimg.com/ext_tw_video_thumb/1115199382716944384/pu/img/3Xw2KhCY1SirC-NL.jpg,,,,,,,[],,,,
1115179065047228416,1115179065047228416,2019-04-08 15:06:22 Bangladesh Standard Time,2019-04-08,15:06:22,+0600,2855643918,aziz__amirul,Aziz_Amirul,,#banani fireman Sohel dies at #Singapore #hospital   https://t.co/RtY6KyDwZg via @dailystarnews #Fire #firefighters #firefighter #Emergency #EmergencyServices #accident #bananifire #Bangladesh #dhaka #dhakafire #SouthAsia #Infernus,en,"[{'screen_name': 'dailystarnews', 'name': 'the daily star', 'id': '77696645'}]",['https://www.thedailystar.net/country/news/banani-fr-tower-firefighter-sohel-rana-dies-singapore-hospital-1726780'],[],1,0,0,"['banani', 'singapore', 'hospital', 'fire', 'firefighters', 'firefighter', 'emergency', 'emergencyservices', 'accident', 'bananifire', 'bangladesh', 'dhaka', 'dhakafire', 'southasia', 'infernus']",[],https://twitter.com/AZIZ__AMIRUL/status/1115179065047228416,False,,0,,,,,,,,[],,,,
1115173576598884352,1115173576598884352,2019-04-08 14:44:34 Bangladesh Standard Time,2019-04-08,14:44:34,+0600,77696645,dailystarnews,The Daily Star,,‡¶∏‡¶ø‡¶ô‡ßç‡¶ó‡¶æ‡¶™‡ßÅ‡¶∞‡ßá‡¶∞ ‡¶è‡¶ï‡¶ü‡¶ø ‡¶π‡¶æ‡¶∏‡¶™‡¶æ‡¶§‡¶æ‡¶≤‡ßá ‡¶∂‡ßá‡¶∑‡¶®‡¶ø‡¶É‡¶∂‡ßç‡¶¨‡¶æ‡¶∏ ‡¶§‡ßç‡¶Ø‡¶æ‡¶ó ‡¶ï‡¶∞‡¶≤‡ßá‡¶® ‡¶¨‡¶®‡¶æ‡¶®‡ßÄ‡¶§‡ßá ‡¶Ö‡¶¨‡¶∏‡ßç‡¶•‡¶ø‡¶§ ‡¶è‡¶´‡¶Ü‡¶∞ ‡¶ü‡¶æ‡¶ì‡¶Ø‡¶º‡¶æ‡¶∞‡ßá ‡¶â‡¶¶‡ßç‡¶ß‡¶æ‡¶∞ ‡¶ï‡¶æ‡¶ú ‡¶ï‡¶∞‡¶§‡ßá ‡¶ó‡¶ø‡¶Ø‡¶º‡ßá ‡¶Ü‡¶π‡¶§ ‡¶∏‡ßã‡¶π‡ßá‡¶≤ #Bangladesh #bananifire  https://t.co/swMH7mJI3g,bn,[],['https://www.thedailystar.net/bangla/%E0%A6%B6%E0%A7%80%E0%A6%B0%E0%A7%8D%E0%A6%B7-%E0%A6%96%E0%A6%AC%E0%A6%B0/%E0%A6%9C%E0%A7%80%E0%A6%AC%E0%A6%A8%E0%A7%87%E0%A6%B0-%E0%A6%B8%E0%A6%99%E0%A7%8D%E0%A6%97%E0%A7%87-%E0%A6%B2%E0%A7%9C%E0%A6%BE%E0%A6%87%E0%A7%9F%E0%A7%87-%E0%A6%B9%E0%A7%87%E0%A6%B0%E0%A7%87-%E0%A6%97%E0%A7%87%E0%A6%B2%E0%A7%87%E0%A6%A8-%E0%A6%A6%E0%A6%AE%E0%A6%95%E0%A6%B2%E0%A7%87%E0%A6%B0-%E0%A6%B2%E0%A7%9C%E0%A6%BE%E0%A6%95%E0%A7%81-%E0%A6%B8%E0%A7%8B%E0%A6%B9%E0%A7%87%E0%A6%B2-108871'],[],12,14,282,"['bangladesh', 'bananifire']",[],https://twitter.com/dailystarnews/status/1115173576598884352,False,,0,,,,,,,,[],,,,
1115170834224537600,1115170834224537600,2019-04-08 14:33:40 Bangladesh Standard Time,2019-04-08,14:33:40,+0600,265524493,taznsaz,Tazbir Ahmed,,Heroes never die! RIP Sohel :( #sohel #firefighter #bananifire #firefighterdies #Bangladesh   https://t.co/w2BxiX75DA,en,[],['https://www.thedailystar.net/country/news/banani-fr-tower-firefighter-sohel-rana-dies-singapore-hospital-1726780'],[],0,0,0,"['sohel', 'firefighter', 'bananifire', 'firefighterdies', 'bangladesh']",[],https://twitter.com/taznsaz/status/1115170834224537600,False,,0,,,,,,,,[],,,,
1115156888520286208,1115156888520286208,2019-04-08 13:38:15 Bangladesh Standard Time,2019-04-08,13:38:15,+0600,913668164830904321,najiur_akash,Najiur Rahman Akash,,#FireFighter Sohel Rana died today.He is a hero. #bananifire,en,[],[],[],0,0,2,"['firefighter', 'bananifire']",[],https://twitter.com/najiur_akash/status/1115156888520286208,False,,0,,,,,,,,[],,,,
1115152465010126848,1115152465010126848,2019-04-08 13:20:40 Bangladesh Standard Time,2019-04-08,13:20:40,+0600,960547670010966016,real_tanimul,Tanimul Islam,,‡¶¨‡ßÄ‡¶∞‡¶™‡ßÅ‡¶∞‡ßÅ‡¶∑ ‡¶¶‡¶Æ‡¶ï‡¶≤‡¶ï‡¶∞‡ßç‡¶Æ‡ßÄ ‡¶∏‡ßã‡¶π‡ßá‡¶≤ ‡¶∞‡¶æ‡¶®‡¶æ‡¶∞ ‡¶Æ‡ßÉ‡¶§‡ßç‡¶Ø‡ßÅ‡¶§‡ßá ‡¶Ü‡¶Æ‡¶ø ‡¶ó‡¶≠‡ßÄ‡¶∞‡¶≠‡¶æ‡¶¨‡ßá ‡¶∂‡ßã‡¶ï ‡¶™‡ßç‡¶∞‡¶ï‡¶æ‡¶∂ ‡¶ï‡¶∞‡¶õ‡¶ø‡•§ #bananifire,bn,[],[],[],1,0,7,['bananifire'],[],https://twitter.com/Real_Tanimul/status/1115152465010126848,False,,0,,,,,,,,[],,,,
1115146107179470855,1115146107179470855,2019-04-08 12:55:25 Bangladesh Standard Time,2019-04-08,12:55:25,+0600,3306545726,unbnewsroom,UNB - United News of Bangladesh,,PM mourns death of #firefighter Sohel  #sheikhHasina #bananiFire  https://t.co/l1hX5lSaty,en,[],['http://www.unb.com.bd/category/Bangladesh/pm-mourns-death-of-firefighter-sohel/16090'],[],0,0,0,"['firefighter', 'sheikhhasina', 'bananifire']",[],https://twitter.com/unbnewsroom/status/1115146107179470855,False,,0,,,,,,,,[],,,,
1115124179332784133,1115124179332784133,2019-04-08 11:28:17 Bangladesh Standard Time,2019-04-08,11:28:17,+0600,2510356369,banglatribune,Bangla Tribune,,‡¶´‡¶æ‡¶Ø‡¶º‡¶æ‡¶∞‡¶Æ‡ßç‡¶Ø‡¶æ‡¶® ‡¶∏‡ßã‡¶π‡ßá‡¶≤ ‡¶∞‡¶æ‡¶®‡¶æ ‡¶Æ‡¶æ‡¶∞‡¶æ ‡¶ó‡ßá‡¶õ‡ßá‡¶® #FRTower #BananiFire  https://t.co/5PRru5Mkfq,bn,[],['http://www.banglatribune.com/national/news/445121/%E0%A6%86%E0%A6%B9%E0%A6%A4-%E0%A6%AB%E0%A6%BE%E0%A7%9F%E0%A6%BE%E0%A6%B0%E0%A6%AE%E0%A7%8D%E0%A6%AF%E0%A6%BE%E0%A6%A8-%E0%A6%B8%E0%A7%8B%E0%A6%B9%E0%A7%87%E0%A6%B2-%E0%A6%B0%E0%A6%BE%E0%A6%A8%E0%A6%BE-%E0%A6%AE%E0%A6%BE%E0%A6%B0%E0%A6%BE-%E0%A6%97%E0%A7%87%E0%A6%9B%E0%A7%87%E0%A6%A8'],[],0,0,5,"['frtower', 'bananifire']",[],https://twitter.com/banglatribune/status/1115124179332784133,False,,0,,,,,,,,[],,,,
1115121822121385990,1115121822121385990,2019-04-08 11:18:55 Bangladesh Standard Time,2019-04-08,11:18:55,+0600,748847972637552640,labu8080,Nuruzzaman Labu,,"Sohel Rana, The #Firefighter, who rescued dozens of trapped people from FR Tower, a #High-Rise blaze of upscale area Banani, #Dhaka had died today in Singapore Hospital. He sustained serious injuries during #rescueoperation on 28th March. #Bananifire  https://t.co/iDHFFruZQd",en,[],[],['https://pbs.twimg.com/media/D3m1YuuUYAAraPh.jpg'],1,0,7,"['firefighter', 'high', 'dhaka', 'rescueoperation', 'bananifire']",[],https://twitter.com/labu8080/status/1115121822121385990,False,,1,https://pbs.twimg.com/media/D3m1YuuUYAAraPh.jpg,,,,,,,[],,,,
1115113880919977984,1115113880919977984,2019-04-08 10:47:21 Bangladesh Standard Time,2019-04-08,10:47:21,+0600,938687642,newagebdcom,New Age,,#BananiFire Injured firefighter Sohel dies at Singapore Hospital  https://t.co/shW157pAzQ,en,[],['http://www.newagebd.net/article/69491/injured-firefighter-sohel-dies-at-singapore-hospital'],[],0,2,4,['bananifire'],[],https://twitter.com/NewAgeBDcom/status/1115113880919977984,False,,0,,,,,,,,[],,,,
1115111408822308864,1115111408822308864,2019-04-08 10:37:32 Bangladesh Standard Time,2019-04-08,10:37:32,+0600,1069776049,banglalivenews,Bangladesh Livenews,,"‡¶´‡¶æ‡¶Ø‡¶º‡¶æ‡¶∞‡¶Æ‡ßç‡¶Ø‡¶æ‡¶® ‡¶∏‡ßã‡¶π‡ßá‡¶≤ ‡¶Æ‡¶æ‡¶∞‡¶æ ‡¶ó‡ßá‡¶≤‡ßá‡¶®, ‡¶¨‡¶®‡¶æ‡¶®‡ßÄ‡¶∞ ‡¶Ü‡¶ó‡ßç‡¶®‡¶ø‡¶ï‡¶æ‡¶£‡ßç‡¶°‡ßá‡¶∞ ‡¶ò‡¶ü‡¶®‡¶æ‡¶∞ ‡¶Æ‡ßã‡¶ü ‡¶Æ‡ßÉ‡¶§‡ßá‡¶∞ ‡¶∏‡¶Ç‡¶ñ‡ßç‡¶Ø‡¶æ ‡¶è‡¶ñ‡¶® ‡ß®‡ß≠  https://t.co/UfuriwtjJ8 #DhakaFire #Banani #BananiFire",bn,[],['http://www.bangladeshlivenews.com/home/article-details/14685/bangladesh/Banani+Tragedy%3A+Fireman+who+was+injured+during+rescuing+trapped+people+dies/'],[],0,0,1,"['dhakafire', 'banani', 'bananifire']",[],https://twitter.com/banglalivenews/status/1115111408822308864,False,,0,,,,,,,,[],,,,
1115102502305849345,1115102502305849345,2019-04-08 10:02:08 Bangladesh Standard Time,2019-04-08,10:02:08,+0600,3306545726,unbnewsroom,UNB - United News of Bangladesh,,Banani fire: Injured firefighter dies at Singapore Hospital   #Bananifire #Firefighter   https://t.co/AaJbOPhA9n,en,[],['http://www.unb.com.bd/category/Bangladesh/banani-fire-injured-firefighter-dies-at-singapore-hospital/16078'],[],0,0,0,"['bananifire', 'firefighter']",[],https://twitter.com/unbnewsroom/status/1115102502305849345,False,,0,,,,,,,,[],,,,
1115082387082358785,1115082387082358785,2019-04-08 08:42:12 Bangladesh Standard Time,2019-04-08,08:42:12,+0600,917347496069799937,sjpapabear,Sam J,,"#bananifire hero, injured #fireman Sohel Rana dies in Singapore hospital. Rest In Peace dear brother! We will remember you.",en,[],[],[],0,0,0,"['bananifire', 'fireman']",[],https://twitter.com/SJpapabear/status/1115082387082358785,False,,0,,,,,,,,[],,,,
1114454749028466693,1114454749028466693,2019-04-06 15:08:12 Bangladesh Standard Time,2019-04-06,15:08:12,+0600,1080747803817717760,iuis360,uis360-imran,,‡¶Ü‡¶™‡¶®‡¶æ‡¶∞ ‡¶™‡ßç‡¶∞‡¶§‡¶ø‡¶∑‡ßç‡¶†‡¶æ‡¶®‡ßá‡¶∞ ‡¶ú‡¶®‡ßç‡¶Ø ‡¶ì‡¶Ø‡¶º‡ßá‡¶¨‡¶∏‡¶æ‡¶á‡¶ü ‡¶¨‡¶æ‡¶®‡¶æ‡¶§‡ßá ‡¶Ø‡ßã‡¶ó‡¶æ‡¶Ø‡ßã‡¶ó ‡¶ï‡¶∞‡ßÅ‡¶® ‡¶á‡¶â‡¶è‡¶∏ ‡¶Ü‡¶á‡¶ü‡¶ø ‡¶∏‡¶≤‡ßç‡¶Ø‡ßÅ‡¶∂‡¶® ‡¶è‡¶∞ ‡¶∏‡¶æ‡¶•‡ßá‡•§ ‡¶Ü‡¶Æ‡¶∞‡¶æ ‡¶¶‡¶ø‡¶ö‡ßç‡¶õ‡¶ø ‡¶∏‡ßç‡¶¨‡¶≤‡ßç‡¶™ ‡¶ñ‡¶∞‡¶ö‡ßá ‡¶Ü‡¶™‡¶®‡¶æ‡¶∞ ‡¶¨‡¶æ‡¶ú‡ßá‡¶ü‡ßá‡¶∞ ‡¶≠‡ßá‡¶§‡¶∞‡ßá ‡¶°‡¶æ‡¶Ø‡¶º‡¶®‡¶æ‡¶Æ‡¶ø‡¶ï ‡¶ì‡¶Ø‡¶º‡ßá‡¶¨‡¶∏‡¶æ‡¶á‡¶ü ‡¶°‡¶ø‡¶ú‡¶æ‡¶á‡¶®‡•§ ‡¶Ü‡¶Æ‡¶æ‡¶¶‡ßá‡¶∞ ‡¶™‡ßÅ‡¶∞‡ßç‡¶¨‡ßá‡¶∞ ‡¶ï‡¶æ‡¶ú‡ßá‡¶∞ ‡¶∏‡ßç‡¶Ø‡¶æ‡¶Æ‡ßç‡¶™‡¶≤‡¶É  https://t.co/QMF4wgvCmq  #Bangladesh #Dhakanews #dhakafire #Dharamshala #bananifire @OxfaminBD  https://t.co/8jNMBvtzGv,bn,"[{'screen_name': 'oxfaminbd', 'name': 'oxfam in bangladesh', 'id': '990172262'}]",['http://usitsolution.net/us-it-solution-llc-portfolios'],[],0,1,3,"['bangladesh', 'dhakanews', 'dhakafire', 'dharamshala', 'bananifire']",[],https://twitter.com/IUis360/status/1114454749028466693,False,,1,https://pbs.twimg.com/ext_tw_video_thumb/1114454184810688514/pu/img/_a3fwHoasV-PqV_N.jpg,,,,,,,[],,,,
1114240952254717952,1114240952254717952,2019-04-06 00:58:39 Bangladesh Standard Time,2019-04-06,00:58:39,+0600,756796452,dhakatribune,DhakaTribune,,PM criticizes gathering of #spectators during fire #BananiFire  https://t.co/7ghlJPpXLk,en,[],['https://www.dhakatribune.com/bangladesh/nation/2019/04/06/pm-criticizes-gathering-of-spectators-during-fire'],[],0,0,6,"['spectators', 'bananifire']",[],https://twitter.com/DhakaTribune/status/1114240952254717952,False,,0,,,,,,,,[],,,,
1114192425138786304,1114192425138786304,2019-04-05 21:45:49 Bangladesh Standard Time,2019-04-05,21:45:49,+0600,756796452,dhakatribune,DhakaTribune,,Injured #firefighter Sohel Rana flies to Singapore for treatment #BananiFire  https://t.co/mjhULmEdkk,en,[],['https://www.dhakatribune.com/bangladesh/dhaka/2019/04/05/injured-firefighter-sohel-rana-flies-to-singapore-for-treatment'],[],0,0,0,"['firefighter', 'bananifire']",[],https://twitter.com/DhakaTribune/status/1114192425138786304,False,,0,,,,,,,,[],,,,
1114154790995386368,1114154790995386368,2019-04-05 19:16:16 Bangladesh Standard Time,2019-04-05,19:16:16,+0600,2510356369,banglatribune,Bangla Tribune,,‡¶∏‡¶π‡¶ï‡¶∞‡ßç‡¶Æ‡ßÄ‡¶¶‡ßá‡¶∞ ‡¶â‡¶¶‡ßç‡¶ß‡¶æ‡¶∞‡ßá ‡¶Ü‡¶¨‡¶æ‡¶∞‡¶ì ‡¶è‡¶´ ‡¶Ü‡¶∞ ‡¶ü‡¶æ‡¶ì‡¶Ø‡¶º‡¶æ‡¶∞‡ßá‡¶∞ ‡¶≠‡ßá‡¶§‡¶∞‡ßá ‡¶Ø‡¶æ‡¶® ‡¶§‡¶æ‡¶∞‡¶æ #FRTower #bananifire  https://t.co/8E7HaFJlyy,bn,[],['http://www.banglatribune.com/national/news/443661/%E0%A6%B8%E0%A6%B9%E0%A6%95%E0%A6%B0%E0%A7%8D%E0%A6%AE%E0%A7%80%E0%A6%A6%E0%A7%87%E0%A6%B0-%E0%A6%89%E0%A6%A6%E0%A7%8D%E0%A6%A7%E0%A6%BE%E0%A6%B0%E0%A7%87-%E0%A6%86%E0%A6%AC%E0%A6%BE%E0%A6%B0%E0%A6%93-%E0%A6%8F%E0%A6%AB-%E0%A6%86%E0%A6%B0-%E0%A6%9F%E0%A6%BE%E0%A6%93%E0%A7%9F%E0%A6%BE%E0%A6%B0%E0%A7%87%E0%A6%B0-%E0%A6%AD%E0%A7%87%E0%A6%A4%E0%A6%B0%E0%A7%87-%E0%A6%AF%E0%A6%BE%E0%A6%A8'],[],0,0,0,"['frtower', 'bananifire']",[],https://twitter.com/banglatribune/status/1114154790995386368,False,,0,,,,,,,,[],,,,
1114060414424240128,1114060414424240128,2019-04-05 13:01:15 Bangladesh Standard Time,2019-04-05,13:01:15,+0600,22780074,ayeshakabir,ayesha kabir,,"Consumed in the flames of greed. Anisul Hoque writes on how corruption and greed lead to the fires we have been seeing in Dhaka City, where building codes are violated and fire safety is a joke.  https://t.co/Ur64mZhfNR @anisulhoque1971 @ProthomAlo #dhakafire #bananifire",en,"[{'screen_name': 'anisulhoque1971', 'name': 'anisul hoque', 'id': '109913475'}, {'screen_name': 'prothomalo', 'name': 'prothom alo', 'id': '213278292'}]",['https://en.prothomalo.com/opinion/news/193578/Consumed-in-the-flames-of-greed'],[],0,0,1,"['dhakafire', 'bananifire']",[],https://twitter.com/ayeshakabir/status/1114060414424240128,False,,0,,,,,,,,[],,,,
1113879632896389120,1113879632896389120,2019-04-05 01:02:54 Bangladesh Standard Time,2019-04-05,01:02:54,+0600,756796452,dhakatribune,DhakaTribune,,Fire service chief: Helicopters helped spread FR Tower fire #BananiFire  https://t.co/dITdn7fm2V,en,[],['https://www.dhakatribune.com/bangladesh/dhaka/2019/04/05/fire-service-chief-helicopters-helped-spread-fr-tower-fire'],[],0,0,3,['bananifire'],[],https://twitter.com/DhakaTribune/status/1113879632896389120,False,,0,,,,,,,,[],,,,
1113878580671303685,1113878580671303685,2019-04-05 00:58:43 Bangladesh Standard Time,2019-04-05,00:58:43,+0600,756796452,dhakatribune,DhakaTribune,,"Fire alarms could have saved more lives, claim FR Tower survivors #BananiFire  https://t.co/2ZMmQAldWB",en,[],['https://www.dhakatribune.com/bangladesh/dhaka/2019/04/05/fire-alarms-could-have-saved-more-lives-claim-fr-tower-survivors'],[],0,0,0,['bananifire'],[],https://twitter.com/DhakaTribune/status/1113878580671303685,False,,0,,,,,,,,[],,,,
1113787416018423808,1113787416018423808,2019-04-04 18:56:27 Bangladesh Standard Time,2019-04-04,18:56:27,+0600,2510356369,banglatribune,Bangla Tribune,,‡¶è‡¶´ ‡¶Ü‡¶∞ ‡¶ü‡¶æ‡¶ì‡¶Ø‡¶º‡¶æ‡¶∞‡ßá‡¶∞ ‡ßß‡ßØ ‡¶•‡ßá‡¶ï‡ßá ‡ß®‡ß© ‡¶§‡¶≤‡¶æ ‡¶Ö‡¶¨‡ßà‡¶ß: ‡¶∞‡¶æ‡¶ú‡¶â‡¶ï-‡¶¨‡ßÅ‡¶Ø‡¶º‡ßá‡¶ü‡ßá‡¶∞ ‡¶§‡¶¶‡¶®‡ßç‡¶§ ‡¶ï‡¶Æ‡¶ø‡¶ü‡¶ø #FRTower #BananiFire   https://t.co/vLZfYmLJBG,bn,[],['http://www.banglatribune.com/national/news/443069/%E0%A6%8F%E0%A6%AB-%E0%A6%86%E0%A6%B0-%E0%A6%9F%E0%A6%BE%E0%A6%93%E0%A7%9F%E0%A6%BE%E0%A6%B0%E0%A7%87%E0%A6%B0-%E0%A7%A7%E0%A7%AF-%E0%A6%A5%E0%A7%87%E0%A6%95%E0%A7%87-%E0%A7%A8%E0%A7%A9-%E0%A6%A4%E0%A6%B2%E0%A6%BE-%E0%A6%85%E0%A6%AC%E0%A7%88%E0%A6%A7-%E0%A6%AC%E0%A7%81%E0%A7%9F%E0%A7%87%E0%A6%9F%E0%A7%87%E0%A6%B0-%E0%A6%A4%E0%A6%A6%E0%A6%A8%E0%A7%8D%E0%A6%A4'],[],0,1,15,"['frtower', 'bananifire']",[],https://twitter.com/banglatribune/status/1113787416018423808,False,,0,,,,,,,,[],,,,
1113763595991404544,1113763595991404544,2019-04-04 17:21:48 Bangladesh Standard Time,2019-04-04,17:21:48,+0600,77696645,dailystarnews,The Daily Star,,ACC sends letters to 9 different government authorities a day after the commission itself initiated investigation into the alleged irregularities and corruption in FR Tower #Bangladesh #bananifire #banani    https://t.co/Nz5xII5Afw,en,[],['https://www.thedailystar.net/city/acc-sends-letter-9-govt-bodies-seeking-info-banani-fr-tower-1724863'],[],0,0,8,"['bangladesh', 'bananifire', 'banani']",[],https://twitter.com/dailystarnews/status/1113763595991404544,False,,0,,,,,,,,[],,,,
1113703789255467008,1113703789255467008,2019-04-04 13:24:09 Bangladesh Standard Time,2019-04-04,13:24:09,+0600,22780074,ayeshakabir,ayesha kabir,,"Following a spate of devastating fires in Dhaka, engineers and experts write about how to escape from fires, prevention and so on...  https://t.co/okzduzMzLF #dhakafire #fire #Dhaka #bananifire @ProthomAlo #disaster",en,"[{'screen_name': 'prothomalo', 'name': 'prothom alo', 'id': '213278292'}]",['https://en.prothomalo.com/opinion/news/193501/Experts-on-how-to-escape-from-fire'],[],0,0,1,"['dhakafire', 'fire', 'dhaka', 'bananifire', 'disaster']",[],https://twitter.com/ayeshakabir/status/1113703789255467008,False,,0,,,,,,,,[],,,,
1113603213977161728,1113603213977161728,2019-04-04 06:44:30 Bangladesh Standard Time,2019-04-04,06:44:30,+0600,1106436481156034561,najmulh27700205,Najmul Huda,,"Along with #Corruption, poverty, #poverty, #bananifire, #rape, #murder, disappearance, loading #questionpapersLeaked etc. #VCAkhtar, #CECHuda,#VPNuru, Nayeem, Nayeem's parents - Shahriar Jai is suffering from problems of #Bangladesh, I think the state is broken",en,[],[],[],0,0,1,"['corruption', 'poverty', 'bananifire', 'rape', 'murder', 'questionpapersleaked', 'vcakhtar', 'cechuda', 'vpnuru', 'bangladesh']",[],https://twitter.com/NajmulH27700205/status/1113603213977161728,False,,0,,,,,,,,[],,,,
1113566265547689984,1113566265547689984,2019-04-04 04:17:41 Bangladesh Standard Time,2019-04-04,04:17:41,+0600,805848265199521792,imtiaz2006,imtiaz reza,,The real hero of dhaka banani fr tower fire incident. #bananifire #spidermanofbangladesh Heroes save Girls during Banani FR Tower Fire...  https://t.co/Lu9t4Q6NOP via @YouTube,en,"[{'screen_name': 'youtube', 'name': 'youtube', 'id': '10228272'}]",['https://youtu.be/oiDvL9cySos'],[],0,0,0,"['bananifire', 'spidermanofbangladesh']",[],https://twitter.com/imtiaz2006/status/1113566265547689984,False,,0,,,,,,,,[],,,,
1113518094570336256,1113518094570336256,2019-04-04 01:06:16 Bangladesh Standard Time,2019-04-04,01:06:16,+0600,1113495097906204674,tusarwahid,Wahid Tusar,,"‡¶Ø‡ßá ‡¶¶‡ßá‡¶∂‡ßá‡¶∞ ‡¶´‡¶æ‡¶Ø‡¶º‡¶æ‡¶∞ ‡¶∏‡¶æ‡¶∞‡ßç‡¶≠‡¶ø‡¶∏‡ßá‡¶∞ ‡¶ü‡ßÅ‡¶≤‡¶∏ ‡¶Ü‡¶ü ‡¶§‡¶≤‡¶æ‡¶∞ ‡¶â‡¶™‡¶∞‡ßá ‡¶Ø‡ßá‡¶§‡ßá ‡¶™‡¶æ‡¶∞‡ßá ‡¶®‡¶æ, ‡¶∏‡ßá ‡¶¶‡ßá‡¶∂‡ßá‡¶∞ ‡¶™‡ßç‡¶∞‡¶§‡¶ø‡¶®‡¶ø‡¶ß‡¶ø‡¶¶‡ßá‡¶∞ ‡¶Æ‡ßÅ‡¶ñ‡ßá ‡¶Æ‡¶π‡¶æ‡¶ï‡¶æ‡¶∂ ‡¶ú‡¶Ø‡¶º‡ßá‡¶∞ ‡¶π‡¶æ‡¶∏‡¶ø...  ‡¶Ü‡¶Æ‡¶∞‡¶æ ‡¶Ü‡¶∞ ‡¶ï‡¶¨‡ßá ‡¶∏‡¶≠‡ßç‡¶Ø ‡¶π‡¶¨‡ßã...?   #‡¶ì‡¶Ø‡¶º‡¶æ‡¶π‡¶ø‡¶¶_‡¶§‡ßÅ‡¶∑‡¶æ‡¶∞ #WahidTusar #bananifire  https://t.co/dpEEHSq67U",bn,[],[],['https://pbs.twimg.com/media/D3QB4vnUwAAkVlD.jpg'],0,0,2,"['‡¶ì‡¶Ø‡¶º‡¶æ‡¶π‡¶ø‡¶¶_‡¶§‡ßÅ‡¶∑‡¶æ‡¶∞', 'wahidtusar', 'bananifire']",[],https://twitter.com/TusarWahid/status/1113518094570336256,False,,1,https://pbs.twimg.com/media/D3QB4vnUwAAkVlD.jpg,,,,,,,[],,,,
1113355633187729410,1113355633187729410,2019-04-03 14:20:42 Bangladesh Standard Time,2019-04-03,14:20:42,+0600,77696645,dailystarnews,The Daily Star,,Let‚Äôs not forget the people who lost their lives in Thursday‚Äôs Banani FR Tower fire #Bangladesh #DhakaFire #BananiFire  https://t.co/lGaR5KM7P7,en,[],[],[],0,2,17,"['bangladesh', 'dhakafire', 'bananifire']",[],https://twitter.com/dailystarnews/status/1113355633187729410,False,,1,https://pbs.twimg.com/ext_tw_video_thumb/1113354668904554496/pu/img/vtUWHr1pVqzyU6Pr.jpg,,,,,,,[],,,,
1113104830581489664,1113104830581489664,2019-04-02 21:44:06 Bangladesh Standard Time,2019-04-02,21:44:06,+0600,707245155632287744,robi6869,Robi Khan,,#Bangladesh PM #SheikhHasina has issued a set of directives for the authorities concerned to ensure building codes and #FireSafety regulations are implemented in #HighRise buildings and other large establishments.  Details-  https://t.co/DIVBgQepiM  #BananiFire #DhakaFire,en,[],['https://goo.gl/RSDmhe'],[],0,0,0,"['bangladesh', 'sheikhhasina', 'firesafety', 'highrise', 'bananifire', 'dhakafire']",[],https://twitter.com/Robi6869/status/1113104830581489664,False,,0,,,,,,,,[],,,,
1113104788441378816,1113104788441378816,2019-04-02 21:43:56 Bangladesh Standard Time,2019-04-02,21:43:56,+0600,2920691413,robiulislam1996,Robiul Islam Khan,,#Bangladesh PM #SheikhHasina has issued a set of directives for the authorities concerned to ensure building codes and #FireSafety regulations are implemented in #HighRise buildings and other large establishments.  Details-  https://t.co/1e2e68wm9j  #BananiFire #DhakaFire,en,[],['https://goo.gl/RSDmhe'],[],0,0,1,"['bangladesh', 'sheikhhasina', 'firesafety', 'highrise', 'bananifire', 'dhakafire']",[],https://twitter.com/ROBIULISLAM1996/status/1113104788441378816,False,,0,,,,,,,,[],,,,
1113089970871328768,1113089970871328768,2019-04-02 20:45:03 Bangladesh Standard Time,2019-04-02,20:45:03,+0600,77696645,dailystarnews,The Daily Star,,"A firefighter who sustained serious injuries during the FR Tower fire rescue operation, remains in critical condition at CMH #Bangladesh #Banani #bananifire   https://t.co/MhKY4fnHkI",en,[],['https://www.thedailystar.net/city/dhaka-banani-fr-tower-fire-firefighter-still-critical-condition-1723894'],[],0,1,11,"['bangladesh', 'banani', 'bananifire']",[],https://twitter.com/dailystarnews/status/1113089970871328768,False,,0,,,,,,,,[],,,,
1113068248604434432,1113068248604434432,2019-04-02 19:18:44 Bangladesh Standard Time,2019-04-02,19:18:44,+0600,1415584105,zaidkalam,Zaid Kalam,,Interactive with a note of sadness and caution! The loved ones we lost in #BananiFire &gt;&gt;&gt;  https://t.co/xXLKnfa4uY #ddj #dataviz #interactive #Datavisualization,en,[],['https://www.thedailystar.net/online/dhaka-banani-fr-tower-fire-interactive-profile-loved-ones-we-lost-1723783'],[],0,0,0,"['bananifire', 'ddj', 'dataviz', 'interactive', 'datavisualization']",[],https://twitter.com/ZaidKalam/status/1113068248604434432,False,,0,,,,,,,,[],,,,
1113031487387926529,1113031487387926529,2019-04-02 16:52:40 Bangladesh Standard Time,2019-04-02,16:52:40,+0600,1239345422,amintehmina,Tehmina Amin,,"Prime Minister Sheikh Hasina has asked the fire department to inspect high-rises, and commercial buildings every year and issue fire safety certificates.  The directives came at a cabinet meeting as the nation is still recovering from the shock of devastating #BananiFire.  https://t.co/jXlkJmLW6F",en,[],[],['https://pbs.twimg.com/media/D3JH-aeVsAE9Rmd.png'],0,0,2,['bananifire'],[],https://twitter.com/AminTehmina/status/1113031487387926529,False,,1,https://pbs.twimg.com/media/D3JH-aeVsAE9Rmd.png,,,,,,,[],,,,
1112950426746253312,1112950426746253312,2019-04-02 11:30:34 Bangladesh Standard Time,2019-04-02,11:30:34,+0600,1576922815,tanziaafrin23,Tanzia Afrin Aleena,,"‡¶∂‡ßÅ‡¶®‡ßÅ‡¶® ‡¶¨‡¶®‡¶æ‡¶®‡ßÄ ‡¶ü‡ßç‡¶∞‡¶æ‡¶ú‡ßá‡¶°‡¶ø‡¶§‡ßá ‡¶Æ‡¶ø‡¶°‡¶ø‡¶Ø‡¶º‡¶æ‡¶∞ ‡¶¨‡¶æ‡¶®‡¶æ‡¶®‡ßã ‡¶∂‡¶ø‡¶∂‡ßÅ ‡¶®‡¶æ‡¶à‡¶Æ‡ßá‡¶∞ ‡¶ï‡¶•‡¶æ!  ‡¶¨‡¶æ‡¶Ç‡¶≤‡¶æ‡¶¶‡ßá‡¶∂‡ßá‡¶∞ ‡¶õ‡ßã‡¶ü ‡¶™‡¶∞‡ßç‡¶¶‡¶æ‡¶∞ ‡¶∏‡¶∏‡ßç‡¶§‡¶æ ‡¶∏‡ßá‡¶≤‡¶ø‡¶¨‡ßç‡¶∞‡ßá‡¶ü‡¶ø ‡¶ú‡¶Ø‡¶º ‡¶∏‡¶Æ‡¶æ‡¶≤‡ßã‡¶ö‡¶®‡¶æ‡¶Ø‡¶º ‡¶Ü‡¶∏‡¶§‡ßá ‡¶è‡¶¨‡¶Ç ‡¶∂‡ßá‡¶ñ ‡¶π‡¶æ‡¶∏‡¶ø‡¶®‡¶æ ‡¶ï‡¶§‡ßÉ‡¶ï ‡¶™‡ßç‡¶≤‡¶ü‡¶ü‡¶æ ‡¶¨‡¶æ‡¶ó‡¶ø‡¶Ø‡¶º‡ßá ‡¶®‡¶ø‡¶§‡ßá ‡¶§‡¶æ‡¶ï‡ßá ‡¶ï‡¶ø‡¶≠‡¶æ‡¶¨‡ßá ‡¶¨‡ßç‡¶Ø‡¶¨‡¶π‡¶æ‡¶∞ ‡¶ï‡¶∞‡ßá‡¶õ‡ßá!  ‡¶Ü‡¶Æ‡¶æ‡¶¶‡ßá‡¶∞ ‡¶â‡¶ö‡¶ø‡ßé ‡¶è‡¶∏‡¶ï‡¶≤ ‡¶≠‡¶®‡ßç‡¶°,‡¶™‡ßç‡¶∞‡¶§‡¶æ‡¶∞‡¶ï‡¶¶‡ßá‡¶∞ ‡¶¨‡¶Ø‡¶º‡¶ï‡¶ü ‡¶ï‡¶∞‡¶æ!  #bananifire  #boycott_Shahriar_Nazim_Joy  https://t.co/JOxor0TCqN",bn,[],[],[],5,11,76,"['bananifire', 'boycott_shahriar_nazim_joy']",[],https://twitter.com/Tanziaafrin23/status/1112950426746253312,False,,1,https://pbs.twimg.com/ext_tw_video_thumb/1112950247825735680/pu/img/uRuDe7Ah7MPQBtE4.jpg,,,,,,,[],,,,
1112814398924521473,1112814398924521473,2019-04-02 02:30:02 Bangladesh Standard Time,2019-04-02,02:30:02,+0600,210112513,tabassumtanzu,Tabassum,,#Bangladesh PM #SheikhHasina has issued a set of directives for the authorities concerned to ensure building codes and #FireSafety regulations are implemented in #HighRise buildings and other large establishments.  Details-  https://t.co/NclVJeXjLF  #BananiFire #dhakafire,en,[],['https://buff.ly/2VdKWjK'],[],0,0,2,"['bangladesh', 'sheikhhasina', 'firesafety', 'highrise', 'bananifire', 'dhakafire']",[],https://twitter.com/TabassumTanzu/status/1112814398924521473,False,,0,,,,,,,,[],,,,
1112729714357985285,1112729714357985285,2019-04-01 20:53:32 Bangladesh Standard Time,2019-04-01,20:53:32,+0600,77696645,dailystarnews,The Daily Star,,"[WATCH]: ‚ÄúMy mother wanted to see me for the last time when I informed them. I tried to make a video call, but it was not possible. So, I took three selfies and posted it in Facebook around 2:40pm,‚Äù #bananifire #Banani   https://t.co/yfNykK57xh",en,[],['https://www.thedailystar.net/city/dhaka-banani-fire-man-posted-selfie-fb-mother-wanted-see-him-last-time-1723372'],[],0,1,24,"['bananifire', 'banani']",[],https://twitter.com/dailystarnews/status/1112729714357985285,False,,0,,,,,,,,[],,,,
1112725139320242176,1112725139320242176,2019-04-01 20:35:21 Bangladesh Standard Time,2019-04-01,20:35:21,+0600,695866627108298752,shamimrahmankh1,Shamim Rahman üáßüá©,,#Bangladesh PM #SheikhHasina has issued a set of directives for the authorities concerned to ensure building codes and #FireSafety regulations are implemented in #HighRise buildings and other large establishments.  Details-  https://t.co/gsA8m7ZFmS  #BananiFire #DhakaFire,en,[],['https://goo.gl/RSDmhe'],[],0,0,0,"['bangladesh', 'sheikhhasina', 'firesafety', 'highrise', 'bananifire', 'dhakafire']",[],https://twitter.com/shamimrahmankh1/status/1112725139320242176,False,,0,,,,,,,,[],,,,
1112724808574226432,1112724808574226432,2019-04-01 20:34:02 Bangladesh Standard Time,2019-04-01,20:34:02,+0600,916537408232894464,abdulka60844859,M.a. Kaium,,#Bangladesh PM #SheikhHasina has issued a set of directives for the authorities concerned to ensure building codes and #FireSafety regulations are implemented in #HighRise buildings and other large establishments.  Details-  https://t.co/4r9MBwy7yz  #BananiFire #DhakaFire,en,[],['https://goo.gl/RSDmhe'],[],0,0,0,"['bangladesh', 'sheikhhasina', 'firesafety', 'highrise', 'bananifire', 'dhakafire']",[],https://twitter.com/Abdulka60844859/status/1112724808574226432,False,,0,,,,,,,,[],,,,
1112721693951156224,1112721693951156224,2019-04-01 20:21:39 Bangladesh Standard Time,2019-04-01,20:21:39,+0600,3057580981,himel_shajid,Himel Khan Shajid,,#Bangladesh PM #SheikhHasina has issued a set of directives for the authorities concerned to ensure building codes and #FireSafety regulations are implemented in #HighRise buildings and other large establishments.  Details-  https://t.co/MTodLhreKR  #BananiFire #DhakaFire,en,[],['https://goo.gl/RSDmhe'],[],0,0,1,"['bangladesh', 'sheikhhasina', 'firesafety', 'highrise', 'bananifire', 'dhakafire']",[],https://twitter.com/himel_shajid/status/1112721693951156224,False,,0,,,,,,,,[],,,,
1112701977224372225,1112701977224372225,2019-04-01 19:03:19 Bangladesh Standard Time,2019-04-01,19:03:19,+0600,3080184888,arafat1201314,Md yasin arafat,,#Bangladesh PM #SheikhHasina has issued a set of directives for the authorities concerned to ensure building codes and #FireSafety regulations are implemented in #HighRise buildings and other large establishments.  Details-  https://t.co/cYZR8Hqtqf  #BananiFire #DhakaFire,en,[],['https://goo.gl/RSDmhe'],[],0,0,1,"['bangladesh', 'sheikhhasina', 'firesafety', 'highrise', 'bananifire', 'dhakafire']",[],https://twitter.com/arafat1201314/status/1112701977224372225,False,,0,,,,,,,,[],,,,
1112699796152860672,1112699796152860672,2019-04-01 18:54:39 Bangladesh Standard Time,2019-04-01,18:54:39,+0600,2305027105,kaeshemon,Emon,,#Bangladesh PM #SheikhHasina has issued a set of directives for the authorities concerned to ensure building codes and #FireSafety regulations are implemented in #HighRise buildings and other large establishments.  Details-  https://t.co/8uP7GfOPCN  #BananiFire #DhakaFire,en,[],['https://goo.gl/RSDmhe'],[],0,0,0,"['bangladesh', 'sheikhhasina', 'firesafety', 'highrise', 'bananifire', 'dhakafire']",[],https://twitter.com/KaeshEmon/status/1112699796152860672,False,,0,,,,,,,,[],,,,
1112699653277941761,1112699653277941761,2019-04-01 18:54:04 Bangladesh Standard Time,2019-04-01,18:54:04,+0600,3028156194,jhfahim_bd,JH Fahim üáßüá©,,#Bangladesh PM #SheikhHasina has issued a set of directives for the authorities concerned to ensure building codes and #FireSafety regulations are implemented in #HighRise buildings and other large establishments.  Details-  https://t.co/hJD9xGMkhk  #BananiFire #DhakaFire,en,[],['https://goo.gl/RSDmhe'],[],0,0,0,"['bangladesh', 'sheikhhasina', 'firesafety', 'highrise', 'bananifire', 'dhakafire']",[],https://twitter.com/jhfahim_bd/status/1112699653277941761,False,,0,,,,,,,,[],,,,
1112699578833346562,1112699578833346562,2019-04-01 18:53:47 Bangladesh Standard Time,2019-04-01,18:53:47,+0600,2304606750,deadtonmoy,Tonmoy Ahmed üáßüá©,,#Bangladesh PM #SheikhHasina has issued a set of directives for the authorities concerned to ensure building codes and #FireSafety regulations are implemented in #HighRise buildings and other large establishments.  Details-  https://t.co/76yx5tuZMc  #BananiFire #DhakaFire,en,[],['https://goo.gl/RSDmhe'],[],0,2,5,"['bangladesh', 'sheikhhasina', 'firesafety', 'highrise', 'bananifire', 'dhakafire']",[],https://twitter.com/DeadTonmoy/status/1112699578833346562,False,,0,,,,,,,,[],,,,
1112663308081913856,1112663308081913856,2019-04-01 16:29:39 Bangladesh Standard Time,2019-04-01,16:29:39,+0600,1086123185811030016,bdpukur,pukurBD,,Surma  https://t.co/iGqMkAhT1G  #onlinefishmarketbd #bangladesh #seafish #dryfish #riverfish #chalanbeel #natore  #fishmarket #beautyfullbangladesh #pukurbd  #bananifire #frtower #bananifire #firebrigade #highrisefire #firesurvivor  #fire #gulshan #DNCC #dnccmarketfire  https://t.co/VIKHwjOSov,et,[],['http://pukurbd.com'],['https://pbs.twimg.com/media/D3D5FCPUcAAQ2Z5.jpg'],0,0,4,"['onlinefishmarketbd', 'bangladesh', 'seafish', 'dryfish', 'riverfish', 'chalanbeel', 'natore', 'fishmarket', 'beautyfullbangladesh', 'pukurbd', 'bananifire', 'frtower', 'bananifire', 'firebrigade', 'highrisefire', 'firesurvivor', 'fire', 'gulshan', 'dncc', 'dnccmarketfire']",[],https://twitter.com/BdPukur/status/1112663308081913856,False,,1,https://pbs.twimg.com/media/D3D5FCPUcAAQ2Z5.jpg,,,,,,,[],,,,
1112648281769697282,1112648281769697282,2019-04-01 15:29:57 Bangladesh Standard Time,2019-04-01,15:29:57,+0600,2510356369,banglatribune,Bangla Tribune,,‡¶∏‡ßá‡¶á ‡¶´‡¶æ‡¶Ø‡¶º‡¶æ‡¶∞‡¶Æ‡ßç‡¶Ø‡¶æ‡¶® ‡¶∞‡¶æ‡¶®‡¶æ‡¶ï‡ßá ‡¶¨‡¶æ‡¶Å‡¶ö‡¶æ‡¶§‡ßá ‡¶∞‡¶ï‡ßç‡¶§ ‡¶¶‡¶ø‡¶ö‡ßç‡¶õ‡ßá‡¶® ‡¶∏‡¶π‡¶ï‡¶∞‡ßç‡¶Æ‡ßÄ‡¶∞‡¶æ #bananifire  https://t.co/nqvuOt432U,bn,[],['http://www.banglatribune.com/others/news/440803/%E0%A6%8F%E0%A6%AB-%E0%A6%86%E0%A6%B0-%E0%A6%9F%E0%A6%BE%E0%A6%93%E0%A7%9F%E0%A6%BE%E0%A6%B0%E0%A7%87-%E0%A6%86%E0%A6%97%E0%A7%81%E0%A6%A8-%E0%A6%AB%E0%A6%BE%E0%A7%9F%E0%A6%BE%E0%A6%B0%E0%A6%AE%E0%A7%8D%E0%A6%AF%E0%A6%BE%E0%A6%A8-%E0%A6%B0%E0%A6%BE%E0%A6%A8%E0%A6%BE%E0%A6%95%E0%A7%87-%E0%A6%AC%E0%A6%BE%E0%A6%81%E0%A6%9A%E0%A6%BE%E0%A6%A4%E0%A7%87-%E0%A6%B0%E0%A6%95%E0%A7%8D%E0%A6%A4'],[],0,0,0,['bananifire'],[],https://twitter.com/banglatribune/status/1112648281769697282,False,,0,,,,,,,,[],,,,
1112628115757371393,1112628115757371393,2019-04-01 14:09:49 Bangladesh Standard Time,2019-04-01,14:09:49,+0600,2510356369,banglatribune,Bangla Tribune,,‡¶è‡¶´ ‡¶Ü‡¶∞ ‡¶ü‡¶æ‡¶ì‡¶Ø‡¶º‡¶æ‡¶∞ ‡¶•‡ßá‡¶ï‡ßá ‡¶Æ‡¶æ‡¶≤‡¶æ‡¶Æ‡¶æ‡¶≤ ‡¶∏‡¶∞‡¶ø‡¶Ø‡¶º‡ßá ‡¶®‡¶ø‡¶ö‡ßç‡¶õ‡ßá ‡¶™‡ßç‡¶∞‡¶§‡¶ø‡¶∑‡ßç‡¶†‡¶æ‡¶®‡¶ó‡ßÅ‡¶≤‡ßã #FRTower #bananifire  https://t.co/VNEfSYaOCo,bn,[],['http://www.banglatribune.com/others/news/440779/%E0%A6%8F%E0%A6%AB-%E0%A6%86%E0%A6%B0-%E0%A6%9F%E0%A6%BE%E0%A6%93%E0%A7%9F%E0%A6%BE%E0%A6%B0-%E0%A6%A5%E0%A7%87%E0%A6%95%E0%A7%87-%E0%A6%AE%E0%A6%BE%E0%A6%B2%E0%A6%BE%E0%A6%AE%E0%A6%BE%E0%A6%B2-%E0%A6%B8%E0%A6%B0%E0%A6%BF%E0%A7%9F%E0%A7%87-%E0%A6%A8%E0%A6%BF%E0%A6%9A%E0%A7%8D%E0%A6%9B%E0%A7%87'],[],0,0,3,"['frtower', 'bananifire']",[],https://twitter.com/banglatribune/status/1112628115757371393,False,,0,,,,,,,,[],,,,
1112551970802487296,1112551970802487296,2019-04-01 09:07:14 Bangladesh Standard Time,2019-04-01,09:07:14,+0600,30627476,urumurum,masudkarim ‡¶Æ‡¶æ‡¶∏‡ßÅ‡¶¶‡¶ï‡¶∞‡¶ø‡¶Æ,,"probe team finds FR Tower risky, two owners on seven-day remand  https://t.co/6SShUYpFKo #BananiFire #Dhaka #FEreport via @febdonline",en,"[{'screen_name': 'febdonline', 'name': 'the financial express', 'id': '2705672382'}]",['http://today.thefinancialexpress.com.bd/first-page/probe-team-finds-fr-tower-risky-1554055624'],[],0,0,0,"['bananifire', 'dhaka', 'fereport']",[],https://twitter.com/urumurum/status/1112551970802487296,False,,0,,,,,,,,[],,,,
1112536505573093376,1112536505573093376,2019-04-01 08:05:47 Bangladesh Standard Time,2019-04-01,08:05:47,+0600,898142088,tajwarchowdhury,Tajwar Chowdhury,,"Hey Everyone,, There was a tragic event that took place in Bangladesh few days back. Please check out my blog- ( https://t.co/ZbRyxfdSVm) #UBeng212 #DhakaTribune #bananifire",en,[],['https://tajsblogcom.wordpress.com/2019/04/01/the-best-article-i-read-this-week/'],[],0,0,0,"['ubeng212', 'dhakatribune', 'bananifire']",[],https://twitter.com/TajwarChowdhury/status/1112536505573093376,False,,0,,,,,,,,[],,,,
1112422102454263809,1112422102454263809,2019-04-01 00:31:11 Bangladesh Standard Time,2019-04-01,00:31:11,+0600,756796452,dhakatribune,DhakaTribune,,"Lungful of smoke, escape routes closed #BananiFire  https://t.co/bpfrHC3kHJ",en,[],['https://dhakatribune.com/bangladesh/dhaka/2019/04/01/lungful-of-smoke-escape-routes-closed'],[],0,0,2,['bananifire'],[],https://twitter.com/DhakaTribune/status/1112422102454263809,False,,0,,,,,,,,[],,,,
1112413679008382976,1112413679008382976,2019-03-31 23:57:43 Bangladesh Standard Time,2019-03-31,23:57:43,+0600,606152096,prithulmahmud,Prithul,,"‡¶∂‡ßÅ‡¶®‡¶≤‡¶æ‡¶Æ ‡¶ï‡¶æ‡¶á‡¶≤ ‡¶•‡ßá‡¶á‡¶ï‡¶æ ‡¶¢‡¶æ‡¶ï‡¶æ‡¶Ø‡¶º ‡ß®‡ß™ ‡¶ü‡¶æ ‡¶∏‡ßç‡¶™‡¶ø‡¶∂‡¶æ‡¶≤ ‡¶ü‡¶ø‡¶Æ ‡¶®‡¶æ‡¶Æ‡¶¨‡ßã,‡¶â‡¶≤‡ßç‡¶ü‡¶æ‡¶™‡¶æ‡¶≤‡ßç‡¶ü‡¶æ ‡¶¨‡¶ø‡¶≤‡ßç‡¶°‡¶ø‡¶Ç ‡¶¶‡ßá‡¶ñ‡¶≤‡ßá‡¶á ‡¶¨‡¶≤‡ßá ‡¶ï‡ßã‡¶™‡¶æ‡¶¨‡ßá,‡¶¨‡¶≤‡¶ø ‡¶∏‡ßç‡¶Ø‡¶æ‡¶∞ ‡¶∞‡¶æ‡¶ú‡¶â‡¶ï ‡¶è‡¶∞ ‡¶¨‡¶ø‡¶≤‡ßç‡¶°‡¶ø‡¶Ç ‡¶Ø‡ßá‡¶ñ‡¶æ‡¶®‡ßá ‡¶´‡ßá‡¶∞‡ßá‡¶∂‡¶§‡¶æ ‡¶ú‡¶®‡ßç‡¶Æ ‡¶®‡ßá‡¶Ø‡¶º ‡¶∏‡ßá‡¶ñ‡¶æ‡¶®‡ßá ‡¶ï‡¶ø ‡¶ï‡ßã‡¶® ‡¶ü‡¶ø‡¶Æ ‡¶Ø‡¶æ‡¶á‡¶¨‡ßã?? ‡¶®‡¶æ ‡¶ì‡¶á‡¶ü‡¶æ ‡¶Ü‡¶∞‡¶∂ ‡¶Æ‡¶π‡¶≤‡ßç‡¶≤‡¶æ ‡¶®‡¶æ ‡¶ï‡ßà‡¶∂‡¶æ‡¶≤ ‡¶™‡¶∞‡ßç‡¶¨‡¶§ ‡¶®‡¶æ ‡¶≠‡ßç‡¶Ø‡¶æ‡¶ü‡¶ø‡¶ï‡¶æ‡¶® ‡¶∏‡¶ø‡¶ü‡¶ø, ‡¶Ø‡ßá‡¶ñ‡¶æ‡¶®‡ßá ‡¶ï‡ßã‡¶® ‡¶Ö‡¶≠‡¶ø‡¶Ø‡¶æ‡¶® ‡¶π‡¶á‡¶§‡ßá ‡¶™‡¶æ‡¶∞‡ßá‡¶®‡¶æ!!#BananiFire #Dhaka #Bangladesh",bn,[],[],[],0,0,1,"['bananifire', 'dhaka', 'bangladesh']",[],https://twitter.com/prithulmahmud/status/1112413679008382976,False,,0,,,,,,,,[],,,,
1112410722279936000,1112410722279936000,2019-03-31 23:45:58 Bangladesh Standard Time,2019-03-31,23:45:58,+0600,756796452,dhakatribune,DhakaTribune,,FR Tower Fire: Rizvi blasts govt for trying to shift blame over to BNP #BananiFire  https://t.co/f0lRDgz0qN,en,[],['https://dhakatribune.com/bangladesh/politics/2019/03/31/fr-tower-fire-rizvi-blasts-govt-for-trying-to-shift-blame-over-to-bnp'],[],0,0,2,['bananifire'],[],https://twitter.com/DhakaTribune/status/1112410722279936000,False,,0,,,,,,,,[],,,,
1112391973741056000,1112390138342998016,2019-03-31 22:31:28 Bangladesh Standard Time,2019-03-31,22:31:28,+0600,437779297,bangladesh_bn,Bengal Newz (Bangladesh) üáßüá©,,"Additional Secretary Faijur Rahman, head of the probe body, came up with the information while talking to reporters after ending the public hearing on #BananiFire incident at a temporary police control room near FR Tower, where statements of 24 witnesses were recorded on Sunday.",en,[],[],[],0,2,3,['bananifire'],[],https://twitter.com/Bangladesh_BN/status/1112391973741056000,False,,0,,,,,,,,[],,,,
1112390138342998016,1112390138342998016,2019-03-31 22:24:10 Bangladesh Standard Time,2019-03-31,22:24:10,+0600,437779297,bangladesh_bn,Bengal Newz (Bangladesh) üáßüá©,,The probe committee formed by the #Bangladesh Home and Disaster Management and Relief Ministries suspected that the #BananiFire at FR Tower in #Dhaka originated from an electric short-circuit on the 7th floor of the building that killed 26 people. | #DhakaFireüî• RT@BengalNewz,en,"[{'screen_name': 'bengalnewz', 'name': 'bengal newz', 'id': '45316689'}]",[],[],1,1,3,"['bangladesh', 'bananifire', 'dhaka', 'dhakafire']",[],https://twitter.com/Bangladesh_BN/status/1112390138342998016,False,https://twitter.com/Bangladesh_BN/status/1111367494839599104,0,,,,,,,,[],,,,
1112339014667980800,1112339014667980800,2019-03-31 19:01:02 Bangladesh Standard Time,2019-03-31,19:01:02,+0600,3306545726,unbnewsroom,UNB - United News of Bangladesh,,#BananiFire: #BNP accuses govt of shifting blame   https://t.co/DfgHGiPNyr,en,[],['http://unb.com.bd/category/Politics/fr-tower-fire-bnp-accuses-govt-of-shifting-blame/15598'],[],0,0,0,"['bananifire', 'bnp']",[],https://twitter.com/unbnewsroom/status/1112339014667980800,False,,0,,,,,,,,[],,,,
1112324203951345664,1112324203951345664,2019-03-31 18:02:10 Bangladesh Standard Time,2019-03-31,18:02:10,+0600,3306545726,unbnewsroom,UNB - United News of Bangladesh,,"#BananiFire: Faruk, Tasveer put on 7-day remand   https://t.co/eupyKCIp0y",et,[],['http://unb.com.bd/category/Bangladesh/banani-fire-faruk-tasveer-put-on-7-day-remand/15593'],[],0,0,0,['bananifire'],[],https://twitter.com/unbnewsroom/status/1112324203951345664,False,,0,,,,,,,,[],,,,
1112315270792568832,1112315270792568832,2019-03-31 17:26:41 Bangladesh Standard Time,2019-03-31,17:26:41,+0600,2510356369,banglatribune,Bangla Tribune,,‡¶´‡¶æ‡¶∞‡ßÅ‡¶ï ‡¶ì ‡¶§‡¶æ‡¶∏‡¶≠‡¶ø‡¶∞ ‡¶∏‡¶æ‡¶§‡¶¶‡¶ø‡¶®‡ßá‡¶∞ ‡¶∞‡¶ø‡¶Æ‡¶æ‡¶®‡ßç‡¶°‡ßá #BananiFire   https://t.co/o4cWbamrFU,bn,[],['http://www.banglatribune.com/others/news/440332/%E0%A6%8F%E0%A6%AB-%E0%A6%86%E0%A6%B0-%E0%A6%9F%E0%A6%BE%E0%A6%93%E0%A7%9F%E0%A6%BE%E0%A6%B0%E0%A7%87-%E0%A6%86%E0%A6%97%E0%A7%81%E0%A6%A8-%E0%A6%9C%E0%A6%AE%E0%A6%BF%E0%A6%B0-%E0%A6%AE%E0%A6%BE%E0%A6%B2%E0%A6%BF%E0%A6%95%E0%A6%B8%E0%A6%B9-%E0%A6%A6%E0%A7%81%E0%A6%9C%E0%A6%A8-%E0%A6%B0%E0%A6%BF%E0%A6%AE%E0%A6%BE%E0%A6%A8%E0%A7%8D%E0%A6%A1%E0%A7%87'],[],0,0,3,['bananifire'],[],https://twitter.com/banglatribune/status/1112315270792568832,False,,0,,,,,,,,[],,,,
1112313932675313664,1112313932675313664,2019-03-31 17:21:22 Bangladesh Standard Time,2019-03-31,17:21:22,+0600,77696645,dailystarnews,The Daily Star,,"#UPDATE: Faruque, FR Tower's land owner and Tasvirul, one of the owners placed on 7-day remand each #Banani #BananiFire #Bangladesh   https://t.co/8XR6DeoSO0",en,[],['https://www.thedailystar.net/city/babani-fr-tower-fire-land-owner-faruque-tasvir-be-sent-court-today-1722868'],[],0,0,11,"['update', 'banani', 'bananifire', 'bangladesh']",[],https://twitter.com/dailystarnews/status/1112313932675313664,False,,0,,,,,,,,[],,,,
1112312768277811200,1112312768277811200,2019-03-31 17:16:44 Bangladesh Standard Time,2019-03-31,17:16:44,+0600,77696645,dailystarnews,The Daily Star,,"‡¶∏‡¶∞‡¶ï‡¶æ‡¶∞ ‡¶ï‡ßç‡¶∑‡¶Æ‡¶§‡¶æ ‡¶ñ‡¶æ‡¶ü‡¶ø‡¶Ø‡¶º‡ßá ‡¶§‡¶æ‡¶∏‡¶≠‡ßÄ‡¶∞‡¶ï‡ßá ‡¶ó‡ßç‡¶∞‡ßá‡¶™‡ßç‡¶§‡¶æ‡¶∞ ‡¶ï‡¶∞‡ßá‡¶õ‡ßá ‡¶∂‡ßÅ‡¶ß‡ßÅ‡¶Æ‡¶æ‡¶§‡ßç‡¶∞ ‡¶ú‡¶®‡¶ó‡¶£‡ßá‡¶∞ ‡¶ï‡¶æ‡¶õ‡ßá ‡¶¨‡¶ø‡¶è‡¶®‡¶™‡¶ø‡¶ï‡ßá ‡¶¶‡ßã‡¶∑‡ßÄ ‡¶ï‡¶∞‡¶æ‡¶∞ ‡¶ú‡¶®‡ßç‡¶Ø, ‡¶¨‡¶≤‡ßá‡¶õ‡ßá‡¶® ‡¶Æ‡¶ø‡¶∞‡ßç‡¶ú‡¶æ ‡¶´‡¶ñ‡¶∞‡ßÅ‡¶≤  #Bangladesh #BananiFire #Banani #dhakafire  https://t.co/MVLyDORpzb",bn,[],['https://www.thedailystar.net/bangla/%E0%A6%B6%E0%A7%80%E0%A6%B0%E0%A7%8D%E0%A6%B7-%E0%A6%96%E0%A6%AC%E0%A6%B0/%E0%A6%AC%E0%A6%BF%E0%A6%8F%E0%A6%A8%E0%A6%AA%E0%A6%BF%E0%A6%B0-%E0%A6%98%E0%A6%BE%E0%A7%9C%E0%A7%87-%E0%A6%A6%E0%A7%8B%E0%A6%B7-%E0%A6%9A%E0%A6%BE%E0%A6%AA%E0%A6%BE%E0%A6%A4%E0%A7%87-%E0%A6%A4%E0%A6%BE%E0%A6%B8%E0%A6%AD%E0%A7%80%E0%A6%B0%E0%A6%95%E0%A7%87-%E0%A6%97%E0%A7%8D%E0%A6%B0%E0%A7%87%E0%A6%AA%E0%A7%8D%E0%A6%A4%E0%A6%BE%E0%A6%B0-%E0%A6%95%E0%A6%B0%E0%A6%BE-%E0%A6%B9%E0%A7%9F%E0%A7%87%E0%A6%9B%E0%A7%87-%E0%A6%AB%E0%A6%96%E0%A6%B0%E0%A7%81%E0%A6%B2-108433'],[],0,0,18,"['bangladesh', 'bananifire', 'banani', 'dhakafire']",[],https://twitter.com/dailystarnews/status/1112312768277811200,False,,0,,,,,,,,[],,,,
1112310079091437568,1112310079091437568,2019-03-31 17:06:03 Bangladesh Standard Time,2019-03-31,17:06:03,+0600,45316689,bengalnewz,Bengal Newz,,"The land owner of #Banani FR Tower, where a deadly blaze killed 26 people last week, was arrested on Sunday from @BashundharaCity residential area in #Dhaka. Engineer SMHI Faruk Hossain was named in a case filed over the #BananiFire incident. | #DhakaFire üî• RT@Bangladesh_BN",en,"[{'screen_name': 'bashundharacity', 'name': 'bashundhara city', 'id': '3190482097'}, {'screen_name': 'bangladesh_bn', 'name': 'bengal newz (bangladesh) üáßüá©', 'id': '437779297'}]",[],[],0,1,3,"['banani', 'dhaka', 'bananifire', 'dhakafire']",[],https://twitter.com/BengalNewz/status/1112310079091437568,False,,0,,,,,,,,[],,,,
1112306437714141184,1112306437714141184,2019-03-31 16:51:35 Bangladesh Standard Time,2019-03-31,16:51:35,+0600,1086123185811030016,bdpukur,pukurBD,,‡¶ö‡¶æ‡¶™‡¶ø‡¶≤‡¶æ  https://t.co/iGqMkAhT1G  #onlinefishmarketbd #bangladesh #seafish #dryfish #riverfish  #aquariumfish #chalanbeel #natore #rajshahi #sirajganj #fishmarket   #pukurbd  #bananifire #frtower #bananifire #firebrigade #highrisefire  #fire #gulshan #DNCC #dnccmarketfire  https://t.co/n1aQ5updMA,bn,[],['http://pukurbd.com'],['https://pbs.twimg.com/media/D2-0fArUgAE7wf6.jpg'],0,0,2,"['onlinefishmarketbd', 'bangladesh', 'seafish', 'dryfish', 'riverfish', 'aquariumfish', 'chalanbeel', 'natore', 'rajshahi', 'sirajganj', 'fishmarket', 'pukurbd', 'bananifire', 'frtower', 'bananifire', 'firebrigade', 'highrisefire', 'fire', 'gulshan', 'dncc', 'dnccmarketfire']",[],https://twitter.com/BdPukur/status/1112306437714141184,False,,1,https://pbs.twimg.com/media/D2-0fArUgAE7wf6.jpg,,,,,,,[],,,,
1112301357510201346,1112301357510201346,2019-03-31 16:31:23 Bangladesh Standard Time,2019-03-31,16:31:23,+0600,77696645,dailystarnews,The Daily Star,,#UPDATE: #bananifire survivor narrates the battle for survival #Bangladesh #dhakafire  https://t.co/w4iM0gD7Od,en,[],['https://www.thedailystar.net/city/banani-fr-tower-fire-survivors-recounting-horror-probe-bodies-1722856'],[],0,1,4,"['update', 'bananifire', 'bangladesh', 'dhakafire']",[],https://twitter.com/dailystarnews/status/1112301357510201346,False,,0,,,,,,,,[],,,,
1112297089378201601,1112297089378201601,2019-03-31 16:14:26 Bangladesh Standard Time,2019-03-31,16:14:26,+0600,2589241770,jagonews24,jagonews24.com,, https://t.co/brRn2yZRcv #bananifire,und,[],['https://www.jagonews24.com/en/national/news/44444'],[],0,0,0,['bananifire'],[],https://twitter.com/jagonews24/status/1112297089378201601,False,,0,,,,,,,,[],,,,
1112290068129968129,1112290068129968129,2019-03-31 15:46:32 Bangladesh Standard Time,2019-03-31,15:46:32,+0600,140391900,adamthaque,Adam Tamizi Haque,,BD Fire Service &amp; Civil Defence needs immediate review of their equipments &amp; available supports. More training is needed for our fire fighters to handle crisis in a larger magnitude   #bananifire #fire #Bangladesh #safety #WeCare #dhakafire #restructure #support #urbanfire #BD  https://t.co/hUrf7qFquW,en,[],[],"['https://pbs.twimg.com/media/D2-R8oxUcAAtSBF.jpg', 'https://pbs.twimg.com/media/D2-SAXrVYAURhxA.jpg']",3,1,24,"['bananifire', 'fire', 'bangladesh', 'safety', 'wecare', 'dhakafire', 'restructure', 'support', 'urbanfire', 'bd']",[],https://twitter.com/adamthaque/status/1112290068129968129,False,,1,https://pbs.twimg.com/media/D2-R8oxUcAAtSBF.jpg,,,,,,,[],,,,
1112280090178711552,1112280090178711552,2019-03-31 15:06:53 Bangladesh Standard Time,2019-03-31,15:06:53,+0600,2589241770,jagonews24,jagonews24.com,, https://t.co/TkUyYbdmad #bananifire,und,[],['https://www.jagonews24.com/en/national/news/44443'],[],0,0,0,['bananifire'],[],https://twitter.com/jagonews24/status/1112280090178711552,False,,0,,,,,,,,[],,,,
1112265019360632832,1112265019360632832,2019-03-31 14:07:00 Bangladesh Standard Time,2019-03-31,14:07:00,+0600,1576922815,tanziaafrin23,Tanzia Afrin Aleena,,‡¶ö‡¶Æ‡ßé‡¶ï‡¶æ‡¶∞ ‡¶™‡ßç‡¶∞‡¶ï‡¶æ‡¶∂...!  ‡¶¶‡ßÇ‡¶∞‡ßç‡¶®‡¶ø‡¶§‡ßÄ‡¶∞ ‡¶â‡¶®‡ßç‡¶®‡¶Ø‡¶º‡¶®‡ßá ‡¶Ø‡ßá ‡¶è‡¶á ‡¶¶‡ßá‡¶∂‡ßá‡¶∞ ‡¶∏‡¶∞‡¶ï‡¶æ‡¶∞ ‡¶§‡¶æ‡¶∞‡¶á ‡¶è‡¶ï ‡¶¨‡¶π‡¶ø‡¶É‡¶™‡ßç‡¶∞‡¶ï‡¶æ‡¶∂!  #bangladesh  #BananiFire   #Corruption  https://t.co/jbJlLW2MoZ,bn,[],[],['https://pbs.twimg.com/media/D2-PIoHUYAEy1N6.jpg'],3,2,47,"['bangladesh', 'bananifire', 'corruption']",[],https://twitter.com/Tanziaafrin23/status/1112265019360632832,False,,1,https://pbs.twimg.com/media/D2-PIoHUYAEy1N6.jpg,,,,,,,[],,,,
1112259579461672960,1112259579461672960,2019-03-31 13:45:23 Bangladesh Standard Time,2019-03-31,13:45:23,+0600,2510356369,banglatribune,Bangla Tribune,,"‚Äò‡¶è‡¶´ ‡¶Ü‡¶∞ ‡¶ü‡¶æ‡¶ì‡¶Ø‡¶º‡¶æ‡¶∞ ‡¶¨‡ßç‡¶Ø‡¶¨‡¶π‡¶æ‡¶∞ ‡¶â‡¶™‡¶Ø‡ßã‡¶ó‡ßÄ ‡¶®‡¶Ø‡¶º, ‡¶π‡ßá‡¶≤‡ßá ‡¶™‡¶°‡¶º‡ßá‡¶õ‡ßá‚Äô #BananiFire #FRTower  https://t.co/kJiPfB7R0m",bn,[],['http://www.banglatribune.com/national/news/440236/%E2%80%98%E0%A6%8F%E0%A6%AB-%E0%A6%86%E0%A6%B0-%E0%A6%9F%E0%A6%BE%E0%A6%93%E0%A7%9F%E0%A6%BE%E0%A6%B0-%E0%A6%AC%E0%A7%8D%E0%A6%AF%E0%A6%AC%E0%A6%B9%E0%A6%BE%E0%A6%B0-%E0%A6%89%E0%A6%AA%E0%A6%AF%E0%A7%8B%E0%A6%97%E0%A7%80-%E0%A6%A8%E0%A7%9F-%E0%A6%B9%E0%A7%87%E0%A6%B2%E0%A7%87-%E0%A6%AA%E0%A7%9C%E0%A7%87%E0%A6%9B%E0%A7%87%E2%80%99'],[],0,0,12,"['bananifire', 'frtower']",[],https://twitter.com/banglatribune/status/1112259579461672960,False,,0,,,,,,,,[],,,,
1112259171758604288,1112259171758604288,2019-03-31 13:43:45 Bangladesh Standard Time,2019-03-31,13:43:45,+0600,938687642,newagebdcom,New Age,,DB to probe Banani fire  https://t.co/FQXneWfhnq #BananiFire  https://t.co/OMW8jcQMU7,tl,[],['http://www.newagebd.net/article/68837/db-to-probe-banani-fire'],['https://pbs.twimg.com/media/D2-JwPXWwAAOQcT.jpg'],0,0,2,['bananifire'],[],https://twitter.com/NewAgeBDcom/status/1112259171758604288,False,,1,https://pbs.twimg.com/media/D2-JwPXWwAAOQcT.jpg,,,,,,,[],,,,
1112244818133114880,1112244818133114880,2019-03-31 12:46:43 Bangladesh Standard Time,2019-03-31,12:46:43,+0600,3306545726,unbnewsroom,UNB - United News of Bangladesh,,DB to investigate Banani fire case #BananiFire #DetectiveBranch   https://t.co/crGCWpLpbj,en,[],['https://unb.com.bd/category/Bangladesh/db-to-investigate-banani-fire-case/15578'],[],0,0,0,"['bananifire', 'detectivebranch']",[],https://twitter.com/unbnewsroom/status/1112244818133114880,False,,0,,,,,,,,[],,,,
1112242144360587265,1111320908113678336,2019-03-31 12:36:06 Bangladesh Standard Time,2019-03-31,12:36:06,+0600,2183520866,tiniskwerl,tiniskwerl,,‚ö°Ô∏è#Dhaka #Bangladesh #Fire Update #Police #Arrest 2 #FRTower Owners 26 Dead/~70 Inj LastWk No FireProtectedStairs Some TopFloors Illegal #Construction Search for ConstructionCo Chief  https://t.co/tXTVy67fI6 #BangladeshFire #DhakaFire #Banani #BananiFire #FRTowerFire Tweet4/Thread,en,[],['https://apnews.com/79b1fbb531d5402e9d5b21835dde4a96?utm_campaign=SocialFlow&utm_source=Twitter&utm_medium=AP'],[],0,0,0,"['dhaka', 'bangladesh', 'fire', 'police', 'arrest', 'frtower', 'construction', 'bangladeshfire', 'dhakafire', 'banani', 'bananifire', 'frtowerfire']",[],https://twitter.com/tiniskwerl/status/1112242144360587265,False,,0,,,,,,,,[],,,,
1112240535601704963,1112240535601704963,2019-03-31 12:29:42 Bangladesh Standard Time,2019-03-31,12:29:42,+0600,2510356369,banglatribune,Bangla Tribune,,‚Äò‡¶§‡¶æ‡¶∏‡¶≠‡¶ø‡¶∞ ‡¶ì ‡¶´‡¶æ‡¶∞‡ßÅ‡¶ï‡ßá‡¶∞ ‡ßß‡ß¶ ‡¶¶‡¶ø‡¶® ‡¶ï‡¶∞‡ßá ‡¶∞‡¶ø‡¶Æ‡¶æ‡¶®‡ßç‡¶° ‡¶ö‡¶æ‡¶ì‡¶Ø‡¶º‡¶æ ‡¶π‡¶¨‡ßá‚Äô #Bananifire  https://t.co/KkCEjbXV2A,bn,[],['http://www.banglatribune.com/others/news/440146/%E2%80%98%E0%A6%A4%E0%A6%BE%E0%A6%B8%E0%A6%AD%E0%A6%BF%E0%A6%B0-%E0%A6%93-%E0%A6%AB%E0%A6%BE%E0%A6%B0%E0%A7%81%E0%A6%95%E0%A7%87%E0%A6%B0-%E0%A7%A7%E0%A7%A6-%E0%A6%A6%E0%A6%BF%E0%A6%A8-%E0%A6%95%E0%A6%B0%E0%A7%87-%E0%A6%B0%E0%A6%BF%E0%A6%AE%E0%A6%BE%E0%A6%A8%E0%A7%8D%E0%A6%A1-%E0%A6%9A%E0%A6%BE%E0%A6%93%E0%A7%9F%E0%A6%BE-%E0%A6%B9%E0%A6%AC%E0%A7%87%E2%80%99'],[],0,1,1,['bananifire'],[],https://twitter.com/banglatribune/status/1112240535601704963,False,,0,,,,,,,,[],,,,
1112237703880310784,1112237703880310784,2019-03-31 12:18:27 Bangladesh Standard Time,2019-03-31,12:18:27,+0600,2510356369,banglatribune,Bangla Tribune,,‡¶è‡¶´ ‡¶Ü‡¶∞ ‡¶ü‡¶æ‡¶ì‡¶Ø‡¶º‡¶æ‡¶∞‡ßá ‡¶Ü‡¶ó‡ßÅ‡¶®‡ßá‡¶∞ ‡¶ò‡¶ü‡¶®‡¶æ‡¶Ø‡¶º ‡¶ó‡¶£‡¶∂‡ßÅ‡¶®‡¶æ‡¶®‡¶ø ‡¶ö‡¶≤‡¶õ‡ßá #BananiFire  https://t.co/8wAxkXP1h0,bn,[],['http://www.banglatribune.com/national/news/440191/%E0%A6%8F%E0%A6%AB-%E0%A6%86%E0%A6%B0-%E0%A6%9F%E0%A6%BE%E0%A6%93%E0%A7%9F%E0%A6%BE%E0%A6%B0%E0%A7%87-%E0%A6%86%E0%A6%97%E0%A7%81%E0%A6%A8%E0%A7%87%E0%A6%B0-%E0%A6%98%E0%A6%9F%E0%A6%A8%E0%A6%BE%E0%A7%9F-%E0%A6%97%E0%A6%A3%E0%A6%B6%E0%A7%81%E0%A6%A8%E0%A6%BE%E0%A6%A8%E0%A6%BF-%E0%A6%9A%E0%A6%B2%E0%A6%9B%E0%A7%87'],[],0,0,0,['bananifire'],[],https://twitter.com/banglatribune/status/1112237703880310784,False,,0,,,,,,,,[],,,,
